latitud,longitud,price,beds
45.4037121,-73.9399148,4880000,5
45.4037121,-73.9399148,3895000,5
45.4037121,-73.9399148,1900000,4
45.4037121,-73.9399148,1725000,4
45.403743,-73.9500175,800000,3
45.4054132,-73.9465412,1195000,6
45.4054323,-73.9259002,1490000,4
45.4086256,-73.9571556,550000,4
45.4086712,-73.9561603,649000,4
45.4087412,-73.9573005,545000,3
45.4087412,-73.9573005,545000,3
45.4091632,-73.9139814,2200000,3
45.4091884,-73.9237585,849888,4
45.411496,-73.9581706,1195000,5
45.4115355,-73.9303682,749000,4
45.412275,-73.9123504,1699000,5
45.4122892,-73.9041451,4500000,3
45.4124658,-73.9041845,1200000,3
45.4126076,-73.9275057,549000,3
45.4129979,-73.8987149,2900000,6
45.4151541,-73.908485,1250000,5
45.4155884,-73.6242346,499000,3
45.4156306,-73.8928527,1988000,6
45.4157087,-73.888711,2375000,5
45.4157509,-73.6311952,995000,2
45.4157509,-73.6311952,349000,2
45.4163348,-73.6190074,679000,3
45.4166039,-73.9054991,1695000,5
45.4176338,-73.61293,579000,3
45.4177286,-73.6123158,695000,3
45.4177972,-73.6120837,989000,3
45.417857,-73.6140458,688000,3
45.4179746,-73.6452208,399000,2
45.4179959,-73.6124891,679000,4
45.4180337,-73.8829934,3188888,6
45.4186752,-73.9041149,1290000,6
45.4187608,-73.8857541,1275000,5
45.4191834,-73.6274877,575000,3
45.4200197,-73.8861038,539900,3
45.4209499,-73.6384593,629000,3
45.420977,-73.6031475,1690000,3
45.4210422,-73.6319955,299000,2
45.4214968,-73.6534697,999000,3
45.4215,-73.9032521,1998000,4
45.4215899,-73.6454242,599000,1
45.4217888,-73.8786924,589000,12
45.4224255,-73.8718866,2359000,6
45.422461,-73.6494321,599000,3
45.4227496,-73.929571,739204,4
45.4227496,-73.929571,556555,4
45.4227496,-73.929571,521765,4
45.4227496,-73.929571,478278,3
45.4228352,-73.6261833,749900,3
45.4232648,-73.6505148,1530000,3
45.4245229,-73.6319614,579000,3
45.4245497,-73.8838936,1998000,6
45.4263688,-73.6509584,424000,3
45.4270873,-73.6628002,1149000,4
45.4271837,-73.6631963,2150000,3
45.428098,-73.6593443,265000,2
45.4284326,-73.5946749,600000,4
45.4284326,-73.5946749,600000,1
45.4284747,-73.6649463,220000,1
45.4287999,-73.6015682,249000,5
45.4290622,-73.595279,395000,5
45.4291129,-73.6029588,619000,2
45.429326,-73.6696847,1225000,3
45.4293586,-73.6695938,1285000,3
45.4294565,-73.6693212,1437000,3
45.4295485,-73.8931723,1700000,5
45.4301569,-73.6053135,449990,2
45.4301906,-73.6304476,599000,6
45.4302141,-73.6642084,610000,3
45.4304421,-73.6210792,638000,3
45.4307113,-73.5920792,925000,3
45.4308895,-73.6636189,539000,3
45.4313612,-73.5972729,349000,2
45.4314106,-73.6577243,425000,1
45.4314502,-73.6242798,289000,2
45.4316569,-73.6415235,675000,1
45.4316843,-73.672796,2095000,1
45.4319452,-73.8311682,349000,3
45.4320592,-73.6201048,639000,3
45.4325405,-73.6791228,425000,1
45.4325853,-73.8674715,899000,4
45.4326665,-73.5959141,478000,12
45.4327529,-73.6441082,239900,2
45.4327551,-73.6710106,425000,5
45.4330222,-73.6728423,375000,3
45.4335303,-73.6324908,559000,3
45.4336719,-73.6839781,299000,3
45.4339469,-73.8343705,608000,4
45.4341805,-73.8715139,725000,12
45.4342826,-73.5990321,549000,3
45.4346237,-73.9702867,1489000,5
45.434701,-73.6037842,349000,2
45.4348199,-73.6710804,175000,1
45.4348562,-73.6737277,1200000,1
45.4348845,-73.6983578,2399000,7
45.4349854,-73.8868326,2195000,5
45.435118,-73.8871467,2095000,2
45.43515,-73.6447122,557000,4
45.4351567,-73.8041091,3200000,6
45.4352413,-73.664273,505900,3
45.4352413,-73.664273,505900,1
45.4352413,-73.664273,502900,3
45.4352413,-73.664273,489900,3
45.4352413,-73.664273,445900,2
45.4352413,-73.664273,428900,3
45.4352413,-73.664273,427900,2
45.4352413,-73.664273,421900,2
45.4352413,-73.664273,416900,4
45.4352413,-73.664273,411900,2
45.4352413,-73.664273,411900,5
45.4352413,-73.664273,406900,2
45.4352413,-73.664273,406900,2
45.4352413,-73.664273,405900,2
45.4352413,-73.664273,400900,2
45.4352413,-73.664273,400900,2
45.4352413,-73.664273,383900,2
45.4352413,-73.664273,382900,2
45.4352413,-73.664273,375900,2
45.4352413,-73.664273,368900,2
45.4352413,-73.664273,295900,1
45.4352413,-73.664273,279900,1
45.4355191,-73.6853231,449000,3
45.4357256,-73.6143548,409000,2
45.4357633,-73.806392,1985000,5
45.4357763,-73.8350984,620000,5
45.4358246,-73.6848353,418400,2
45.4358259,-73.6846294,475000,3
45.4360147,-73.9687345,2995000,5
45.4360309,-73.8862652,1589000,6
45.4360429,-73.7002163,369000,4
45.4364671,-73.5905914,699000,3
45.4369281,-73.6811668,399000,2
45.4369281,-73.6811668,249000,4
45.4369395,-73.7067638,320000,2
45.4371051,-73.8263996,885000,3
45.4371833,-73.7299341,1695000,3
45.4372156,-73.7296866,3750000,4
45.4376138,-73.8067926,1100000,4
45.4376627,-73.6707437,379900,2
45.4376627,-73.6707437,250000,4
45.4376627,-73.6707437,219000,2
45.4376627,-73.6707437,189900,2
45.4376627,-73.6707437,189000,2
45.4377458,-73.6633202,415000,2
45.4377778,-73.6855248,369000,3
45.4377778,-73.6855248,299000,1
45.4377784,-73.6633198,499000,3
45.4378035,-73.681186,269000,1
45.4378035,-73.681186,205000,4
45.4380113,-73.6968728,579000,4
45.4381948,-73.7302,489900,4
45.4382897,-73.6280163,959000,2
45.438339,-73.5822427,999000,4
45.4384456,-73.6633137,339000,5
45.4384965,-73.6170307,709000,4
45.4385396,-73.878744,650000,12
45.4385931,-73.6151956,739000,11
45.4386671,-73.6645656,1175000,4
45.4386779,-73.9663993,1700000,5
45.4387372,-73.867601,988900,4
45.4387605,-73.7411499,839000,2
45.4387637,-73.6104179,320000,2
45.4388771,-73.6634534,369900,4
45.4390457,-73.882275,929000,2
45.4390588,-73.6293323,585000,4
45.4391667,-73.7391169,349900,2
45.4392686,-73.6683543,489000,3
45.4392839,-73.7209045,478000,2
45.4394454,-73.8051835,649000,5
45.4394791,-73.7364111,439000,2
45.4394791,-73.7364111,329000,1
45.4395286,-73.7504895,997141,6
45.4395545,-73.7503234,3390303,4
45.4396183,-73.7210504,469000,2
45.4396912,-73.7359248,329000,3
45.4397044,-73.7505368,1121771,2
45.4398301,-73.6924352,449000,3
45.4398301,-73.6924352,259000,1
45.4398941,-73.615343,699000,5
45.4398941,-73.615343,694500,5
45.4398941,-73.615343,694500,5
45.4398941,-73.615343,683500,5
45.4398941,-73.615343,683500,5
45.4398941,-73.615343,683500,5
45.4398941,-73.615343,683500,5
45.4398941,-73.615343,666500,5
45.4398941,-73.615343,666500,5
45.4398941,-73.615343,625500,5
45.4404829,-73.767754,1695000,4
45.4406548,-73.7251059,1700000,5
45.4408202,-73.8042843,699000,2
45.4408985,-73.7275552,748000,4
45.4409334,-73.7298249,239000,2
45.4410358,-73.7701118,1265000,3
45.4410548,-73.7743478,1899000,3
45.441165,-73.6636448,369900,3
45.441218,-73.8943434,995000,4
45.4412531,-73.8615658,608000,4
45.4416135,-73.6792622,549000,4
45.4416826,-73.7099556,193000,2
45.441786,-73.7721231,549500,12
45.4417862,-73.6717468,489000,3
45.4418086,-73.6970715,579000,3
45.4418164,-73.7277294,1050000,7
45.4418493,-73.8942956,1349000,4
45.4418849,-73.6750572,565000,2
45.4419696,-73.8717665,725000,4
45.4420213,-73.695554,199000,11
45.4420872,-73.8138253,649000,4
45.4421009,-73.6730272,224900,2
45.4422726,-73.6747481,199900,3
45.4425464,-73.9012619,839000,4
45.442558,-73.8049741,649000,3
45.4426247,-73.6951172,349000,3
45.4426531,-73.6704557,429900,2
45.4426864,-73.95835,395000,2
45.4429471,-73.6647676,244940,1
45.4429471,-73.6647676,241108,1
45.4429471,-73.6647676,224145,1
45.4429471,-73.6647676,208266,1
45.4434054,-73.6767797,619000,3
45.4434402,-73.6533001,535000,2
45.4434436,-73.8067943,769000,12
45.4435573,-73.6467899,699000,2
45.4435573,-73.6467899,548000,2
45.4435592,-73.7755447,1890000,4
45.4436885,-73.7621598,838000,5
45.4439016,-73.6511084,539000,12
45.4439546,-73.7246642,485543,3
45.4439917,-73.6710352,539900,3
45.4441634,-73.8197239,599000,3
45.4441666,-73.7446769,550000,3
45.4442808,-73.7644643,819000,4
45.4444685,-73.8057248,1849500,4
45.444492,-73.6531961,435000,2
45.4444965,-73.8992593,1188000,5
45.4446793,-73.6857479,429000,3
45.4446961,-73.8826016,1369000,3
45.444772,-73.6902245,699000,3
45.4450496,-73.6746606,669000,2
45.4451016,-73.7320043,509000,4
45.4453691,-73.6538304,629000,2
45.4454026,-73.6095249,260000,1
45.4454069,-73.6455246,299900,3
45.4454501,-73.690549,438000,2
45.4456087,-73.8637788,645000,4
45.4456948,-73.7262015,339000,2
45.445698,-73.8354276,650000,3
45.4457248,-73.6114221,579000,3
45.4457664,-73.6740495,1250000,4
45.4458379,-73.6992743,798000,3
45.4460072,-73.8549657,329900,2
45.4461221,-73.7362263,1398800,3
45.4462409,-73.7258716,625000,3
45.4462809,-73.5896473,974124,4
45.4463344,-73.7113648,839000,3
45.4464392,-73.7211871,589000,3
45.4466294,-73.8996465,1850000,6
45.4466385,-73.6702418,425000,12
45.4467043,-73.7316968,569000,1
45.4471235,-73.6087213,408888,2
45.4471765,-73.6863752,435000,3
45.4472466,-73.5579247,1509000,4
45.4473728,-73.6092664,499000,3
45.4473728,-73.6092664,439000,1
45.4474332,-73.6419681,1180000,5
45.4474488,-73.5591053,1675000,2
45.4474488,-73.5591053,1625000,3
45.4474488,-73.5591053,960000,3
45.4474488,-73.5591053,868000,2
45.4474488,-73.5591053,780000,12
45.4474488,-73.5591053,679000,12
45.4474488,-73.5591053,569000,2
45.447496,-73.6012199,620000,1
45.4475029,-73.5599178,1460000,4
45.4475985,-73.8553635,365000,4
45.4476936,-73.5556823,918888,2
45.4476936,-73.5556823,740000,2
45.4476936,-73.5556823,619000,2
45.4476936,-73.5556823,568000,2
45.4478117,-73.8621381,2688000,3
45.44786,-73.7358685,499000,2
45.44786,-73.7358685,230000,1
45.4480311,-73.8485789,638000,4
45.4480365,-73.5582258,1159000,3
45.4480868,-73.8390625,545000,3
45.448134,-73.7784192,409000,2
45.4481865,-73.7247152,215000,1
45.4481889,-73.7753272,824500,12
45.4482035,-73.7729586,495000,4
45.4482094,-73.5565981,1198000,3
45.4483705,-73.7689524,498000,3
45.4484866,-73.6078032,285000,2
45.4485276,-73.5567085,659000,3
45.4485596,-73.6521875,399900,2
45.4485596,-73.6521875,369900,2
45.4486925,-73.6071155,499096,2
45.4486925,-73.6071155,415000,2
45.448722,-73.8878963,629000,3
45.4487991,-73.5521927,974000,2
45.4487991,-73.5521927,938000,3
45.4487991,-73.5521927,850000,11
45.4487991,-73.5521927,735000,2
45.4487991,-73.5521927,629000,2
45.4488889,-73.8744871,699000,12
45.4489033,-73.5987489,579000,4
45.4494003,-73.6456131,1395000,5
45.4498484,-73.9370161,1975000,5
45.4499714,-73.8324194,699900,4
45.4501018,-73.8902517,598000,4
45.4501098,-73.5985621,899000,6
45.4501238,-73.5706565,699000,2
45.4501438,-73.5491503,451500,1
45.4501438,-73.5491503,439000,1
45.4501438,-73.5491503,424000,1
45.4502688,-73.606262,499430,3
45.4502688,-73.606262,498384,4
45.4502688,-73.606262,375000,1
45.4502688,-73.606262,295000,1
45.4503219,-73.7639838,274900,1
45.4503643,-73.7793893,365000,4
45.4504759,-73.5488609,849000,2
45.4504759,-73.5488609,499000,1
45.4506856,-73.8843728,1178000,5
45.4507952,-73.5487749,1299000,4
45.4507952,-73.5487749,699000,2
45.4507952,-73.5487749,699000,2
45.4509685,-73.6367235,390000,2
45.4510231,-73.6412332,1500000,4
45.451166,-73.5840986,928600,3
45.4511752,-73.5682444,1200000,4
45.4512195,-73.5521686,3750000,4
45.4515889,-73.8220391,599000,3
45.4517339,-73.5781654,398000,5
45.4519395,-73.8872354,549000,3
45.4519703,-73.5490049,1038888,4
45.4523059,-73.5479514,539000,2
45.4523869,-73.5709185,688000,2
45.4527095,-73.5748312,419000,1
45.4530456,-73.5827323,359000,4
45.4530542,-73.5767262,729000,4
45.4531616,-73.5997066,599000,2
45.4531975,-73.8648941,699000,5
45.4535092,-73.8813685,668000,5
45.4535888,-73.6003482,569900,2
45.4540466,-73.8229151,499000,4
45.4540774,-73.7919352,545000,3
45.4541443,-73.652701,995000,4
45.4542961,-73.7827853,650000,4
45.4544357,-73.6015828,539900,1
45.4548196,-73.8826605,574000,4
45.45492,-73.7656048,369000,5
45.4549371,-73.8643788,469000,4
45.4550705,-73.7787402,415000,3
45.4550946,-73.8099001,849000,4
45.4553786,-73.5693988,899000,6
45.4555521,-73.5732948,359000,2
45.4557116,-73.5502069,1380000,4
45.4557299,-73.5733005,379000,2
45.4558908,-73.6409519,1390000,5
45.4559716,-73.6637552,1175000,5
45.4560628,-73.5720879,899000,4
45.4561384,-73.6477421,855000,3
45.4562266,-73.5883956,899000,3
45.456251,-73.6402998,499000,6
45.4563109,-73.8284139,629900,4
45.4564187,-73.585343,579000,3
45.4565427,-73.8286493,619000,3
45.4567672,-73.8595286,900000,5
45.4568131,-73.6499932,192000,1
45.4568409,-73.8554114,1298000,5
45.4569493,-73.5763562,449900,3
45.4570742,-73.7831234,575000,4
45.4571771,-73.8556173,1297900,5
45.4572182,-73.7981387,518000,5
45.4573452,-73.8557202,1289000,6
45.45763,-73.5676049,799000,2
45.457648,-73.6516172,889000,3
45.457835,-73.8611359,1098000,4
45.4579883,-73.8014777,1270000,12
45.458006,-73.5728421,349000,2
45.4580397,-73.801375,1290000,12
45.4581087,-73.6764862,659000,3
45.4581261,-73.8764217,275000,4
45.45822,-73.5736449,630000,4
45.4582537,-73.8508833,1398800,5
45.4583297,-73.9065177,1454000,5
45.4583778,-73.6710273,629000,4
45.4583871,-73.5960992,479000,3
45.4584034,-73.7986116,850000,5
45.4586119,-73.5735226,199000,3
45.4588861,-73.5427104,465000,2
45.459002,-73.6490863,189000,1
45.4590274,-73.5985619,784500,3
45.4590419,-73.5551644,499000,1
45.4592607,-73.8502806,1100000,2
45.4594803,-73.544216,479000,3
45.4595673,-73.6764336,579000,3
45.4598879,-73.5617662,549000,2
45.4599412,-73.8725986,389000,3
45.4600737,-73.6772184,679000,5
45.4601957,-73.7998811,479000,1
45.4602296,-73.6543497,462200,3
45.4602296,-73.6543497,337600,2
45.4602602,-73.8658296,1071343,4
45.4602799,-73.5928147,919000,1
45.4603145,-73.6728009,888000,5
45.4605231,-73.5790265,350000,1
45.4605231,-73.5790265,300000,1
45.4606313,-73.5820622,849000,3
45.4606403,-73.8558978,1299000,5
45.4607494,-73.8174236,319900,3
45.4608075,-73.8531921,1395000,4
45.4608427,-73.6694739,999000,4
45.4609635,-73.5976626,529000,3
45.4609834,-73.5944268,644000,2
45.4610196,-73.5978292,829000,3
45.4612063,-73.5715094,474016,2
45.4612133,-73.6648427,649000,4
45.4613634,-73.6694505,799000,4
45.4614248,-73.5944294,1448000,4
45.461426,-73.5944581,749000,3
45.4614868,-73.5755562,329000,1
45.4615735,-73.5937711,585000,3
45.4616316,-73.6646229,579000,3
45.4617456,-73.553284,649000,3
45.4617601,-73.5425739,339000,1
45.4618314,-73.5923576,580000,2
45.4619249,-73.5501576,425000,2
45.4619303,-73.5417279,768000,4
45.4619902,-73.7955753,749000,4
45.46202,-73.7301927,735000,4
45.4620661,-73.5950048,499000,4
45.4621438,-73.6410572,790000,3
45.4621734,-73.8534334,1149000,5
45.4622906,-73.5965456,339000,2
45.4622906,-73.5965456,294000,1
45.4622906,-73.5965456,228000,3
45.4622924,-73.5406978,658000,3
45.4625466,-73.893746,499950,4
45.4625822,-73.5514061,445000,2
45.4626077,-73.5507099,358000,1
45.4628344,-73.6381346,875000,5
45.4628856,-73.8975103,399000,2
45.4629063,-73.5498139,389000,1
45.4631692,-73.674222,799000,3
45.4631957,-73.6705248,649000,3
45.4634825,-73.637422,1588000,5
45.4636664,-73.8827793,299900,3
45.4637272,-73.7940067,799000,4
45.4637803,-73.6312129,398000,3
45.4638525,-73.5507639,380000,2
45.46391,-73.6738157,928000,3
45.4639312,-73.8633459,525000,3
45.4639487,-73.5412082,555000,2
45.4639611,-73.8947152,389000,5
45.4640335,-73.8943989,875000,7
45.4640561,-73.5539565,838000,2
45.4642422,-73.5815029,399000,2
45.464257,-73.7939047,799000,5
45.4644126,-73.6700254,699000,4
45.4645346,-73.6606534,799000,5
45.4646256,-73.621514,424000,3
45.4646363,-73.5490141,948000,2
45.4646637,-73.5754249,1199000,1
45.464675,-73.8096953,290000,1
45.4647812,-73.6243651,629000,3
45.4648575,-73.6250052,397500,3
45.4650143,-73.5533309,479000,2
45.4650233,-73.6173293,625000,3
45.465031,-73.6321455,219000,4
45.4650603,-73.6225062,479000,3
45.4651244,-73.538958,489000,1
45.4654006,-73.6471535,995000,5
45.4655282,-73.5386708,399000,2
45.4656322,-73.5409382,549000,3
45.4656358,-73.5482827,1299000,3
45.4656603,-73.8089055,290000,1
45.4657587,-73.6265797,1235000,12
45.4658757,-73.6412301,925000,2
45.4659856,-73.8865926,769000,12
45.465994,-73.5522309,399000,1
45.4660327,-73.6701306,838000,3
45.4660543,-73.6589133,899900,1
45.4660725,-73.5484866,1698000,3
45.4664047,-73.6657178,724000,5
45.4664797,-73.6528342,449900,2
45.4665517,-73.8837626,379000,3
45.4667857,-73.6596508,888000,4
45.4667916,-73.8885367,429000,2
45.4669795,-73.6274226,289000,1
45.4669893,-73.6637572,889000,3
45.4670114,-73.8411961,699000,5
45.4673435,-73.6433109,285000,2
45.4673435,-73.6433109,220000,2
45.4673435,-73.6433109,214000,1
45.4673634,-73.6533207,750000,4
45.467387,-73.8016174,400000,2
45.4675611,-73.5634315,1395000,4
45.4676349,-73.610125,799000,4
45.4676375,-73.5480911,749000,3
45.4676375,-73.5480911,495000,2
45.4676375,-73.5480911,399900,1
45.4676537,-73.6238252,960000,4
45.4677177,-73.8845701,399900,4
45.4677232,-73.5675431,349000,2
45.4678234,-73.5718559,329000,2
45.4678343,-73.8550258,735000,4
45.4679104,-73.8897495,418000,12
45.4679917,-73.8003189,459000,3
45.4681201,-73.6105109,519000,2
45.4681721,-73.5947743,889000,3
45.4685312,-73.6122027,299000,2
45.4687419,-73.8270649,718000,3
45.4688392,-73.87354,459000,3
45.4689436,-73.8812464,515000,3
45.4689972,-73.8855691,419900,4
45.4691439,-73.5709154,259000,1
45.4694004,-73.6122452,410000,2
45.4696388,-73.6145799,719000,3
45.4697155,-73.5920488,728000,1
45.4697958,-73.6277893,1110000,4
45.4701718,-73.8498613,599000,4
45.4701888,-73.6218448,1455000,4
45.4703129,-73.5866906,518000,1
45.470516,-73.5667723,339000,2
45.4705279,-73.571813,769000,3
45.470746,-73.8667254,898000,4
45.4711371,-73.8412543,629000,4
45.4712184,-73.655481,925000,11
45.4716659,-73.8464479,619000,5
45.4716835,-73.8735485,310000,1
45.4716976,-73.8776378,749000,3
45.4717895,-73.6143685,1249000,4
45.471792,-73.60875,355000,4
45.472073,-73.8733858,309000,4
45.4721378,-73.8687162,568000,2
45.4723037,-73.6334236,825000,3
45.4723261,-73.8476179,719000,3
45.4723707,-73.5710314,449000,1
45.4724733,-73.6654828,425000,3
45.4726669,-73.8924444,529000,3
45.4726857,-73.6628108,1788000,5
45.4731145,-73.538668,1275000,5
45.4731205,-73.6264217,695000,3
45.4732432,-73.8748259,359000,4
45.4732598,-73.5386374,1998000,2
45.4732598,-73.5386374,968000,3
45.4732598,-73.5386374,699000,2
45.4732598,-73.5386374,630000,2
45.4732598,-73.5386374,599000,2
45.47331,-73.6637081,1450000,2
45.4733981,-73.8703775,499000,3
45.4736522,-73.5821022,579000,2
45.473656,-73.9264292,1199900,4
45.4738044,-73.8743052,299000,2
45.4738427,-73.6239574,599000,1
45.4739229,-73.6627942,1349000,5
45.4739355,-73.6590973,550000,5
45.4739355,-73.6590973,410000,1
45.4739881,-73.5695802,357000,2
45.4739921,-73.6136384,1448000,6
45.4739996,-73.8377383,669000,5
45.4741985,-73.8535491,498000,3
45.4742185,-73.8531815,479000,5
45.474227,-73.6616226,689000,2
45.474227,-73.6616226,499000,3
45.474227,-73.6616226,419000,2
45.4742345,-73.824682,469000,3
45.4743304,-73.8629223,469000,4
45.4743444,-73.6113628,369000,3
45.4743742,-73.6614289,629000,3
45.4745423,-73.8945528,299900,2
45.4745477,-73.6057864,749000,3
45.4746011,-73.625636,669000,3
45.4747795,-73.562901,1228000,4
45.4748306,-73.8576953,382500,3
45.4748642,-73.8715549,399000,3
45.4748691,-73.6589021,274900,2
45.4748691,-73.6589021,179900,2
45.4749542,-73.8266584,650000,4
45.4751525,-73.5857353,1375000,3
45.4753143,-73.6600368,372000,3
45.4756349,-73.8527519,540000,4
45.4756964,-73.6374277,1325000,5
45.4756964,-73.6374277,880000,5
45.4756964,-73.6374277,419000,1
45.4756964,-73.6374277,419000,2
45.4757041,-73.6074543,319000,1
45.4758534,-73.6587587,469000,3
45.4760765,-73.8251232,519000,3
45.4760787,-73.6201336,245000,1
45.4761992,-73.8710167,697000,3
45.47628,-73.5592345,1799888,2
45.4763449,-73.6332687,599000,3
45.4764118,-73.6017587,999000,4
45.4764864,-73.6574205,550000,4
45.4764994,-73.6716715,459900,2
45.4765557,-73.5884926,499900,2
45.4765884,-73.5876561,289000,2
45.4766634,-73.6606302,445000,12
45.4766755,-73.5878496,276000,1
45.4768221,-73.6430038,1589000,4
45.4768857,-73.6073717,1410000,3
45.4768999,-73.6008747,1996000,2
45.4768999,-73.6008747,1676625,3
45.4768999,-73.6008747,1099000,2
45.4768999,-73.6008747,999000,3
45.4770255,-73.6098305,1650000,3
45.477061,-73.6010134,1700000,4
45.477082,-73.8717902,419000,3
45.4771382,-73.6444275,1980000,1
45.4772555,-73.922464,5250000,6
45.4772621,-73.8718127,599000,1
45.477442,-73.5638463,239900,1
45.4774643,-73.5792073,1087192,4
45.4774643,-73.5792073,534898,2
45.477543,-73.6270828,1330000,2
45.4775767,-73.6671519,549000,3
45.4776118,-73.5856707,3400000,5
45.477613,-73.856037,389000,3
45.4777315,-73.6624212,1260000,4
45.4777843,-73.6115058,1599000,5
45.4778211,-73.6413741,1599000,3
45.4778794,-73.6240994,679000,3
45.477892,-73.6583242,489000,2
45.4778924,-73.926534,55000,2
45.4779423,-73.5890102,1295000,1
45.4780107,-73.6668151,460000,1
45.4780107,-73.6668151,419000,2
45.4780107,-73.6668151,328000,2
45.4780517,-73.6183428,575000,4
45.478072,-73.6668393,729000,3
45.4780861,-73.5680566,1200000,10
45.4781147,-73.5974324,949000,3
45.4781147,-73.5974324,645000,2
45.478198,-73.8364431,295000,4
45.4782437,-73.5787877,1775000,4
45.4782681,-73.8565546,2390000,4
45.4783566,-73.5730914,589000,3
45.4783672,-73.6369129,1746000,5
45.478456,-73.6253446,358000,2
45.4784699,-73.6166561,649000,3
45.4785095,-73.8284748,474900,4
45.4785269,-73.6661249,725000,4
45.478534,-73.8370268,384000,4
45.4785766,-73.6005744,1880000,5
45.4787529,-73.573537,499000,2
45.4787529,-73.573537,499000,5
45.4787529,-73.573537,479000,3
45.4787817,-73.5655321,2100000,3
45.4787953,-73.5587626,915000,3
45.4790558,-73.8274495,1150000,6
45.4790883,-73.5562425,649000,3
45.4791464,-73.5580028,599000,12
45.4791821,-73.5663788,608828,2
45.4793429,-73.8582197,529999,4
45.4794699,-73.6450073,1695000,2
45.4794971,-73.8692707,199000,3
45.4796542,-73.6403319,2295000,5
45.4796578,-73.5986523,1650000,3
45.4796961,-73.569184,899000,3
45.4797259,-73.6706622,499000,2
45.4797864,-73.5514815,699000,3
45.4798838,-73.6679068,514800,3
45.4798838,-73.6679068,450000,3
45.4798962,-73.8856831,419000,2
45.4799065,-73.8437941,699000,5
45.4799708,-73.5523492,459000,2
45.4799983,-73.6370163,1689000,5
45.4800937,-73.6649756,549000,2
45.4802878,-73.6650806,739000,3
45.4803374,-73.8538707,459000,5
45.4803939,-73.8271552,898000,5
45.4804081,-73.6323366,499000,3
45.4804342,-73.624701,699000,3
45.480489,-73.5541572,1295000,4
45.4804921,-73.5545073,699000,3
45.4804994,-73.9307991,2198000,5
45.4805154,-73.5571047,1398000,2
45.4805185,-73.6366951,1990000,5
45.4805691,-73.6321114,299000,3
45.4809711,-73.5734384,569000,1
45.4809928,-73.5611867,359000,2
45.4810213,-73.5839688,309000,1
45.4810791,-73.6354311,1049000,4
45.4811511,-73.5831586,699000,2
45.4811627,-73.5583055,369900,2
45.4811811,-73.5554982,899000,5
45.4813458,-73.5834608,459000,1
45.4813458,-73.5834608,224000,2
45.4813803,-73.8554036,424900,3
45.4814766,-73.5744169,625000,4
45.4815246,-73.6661915,1650000,5
45.4815252,-73.5739529,540000,1
45.4815425,-73.9284629,649000,4
45.4815452,-73.5856415,449000,1
45.481654,-73.8539431,490000,2
45.481659,-73.668359,1795000,8
45.4816603,-73.574174,724000,3
45.4816637,-73.6687241,568800,2
45.481686,-73.5693016,1100000,2
45.481686,-73.5693016,679000,1
45.4817401,-73.5919944,1800000,4
45.4818289,-73.8385583,425000,3
45.4818721,-73.8557493,475000,2
45.4822218,-73.5653056,969000,5
45.482425,-73.5681231,1050000,4
45.4824382,-73.81212,749000,5
45.4826279,-73.8256934,1125000,5
45.4826319,-73.5737032,599000,2
45.482732,-73.8634843,449000,3
45.4827748,-73.850122,535000,5
45.4827878,-73.8197685,1750000,6
45.4829471,-73.6694626,1958000,7
45.4830638,-73.8806821,399000,5
45.4830972,-73.8196657,1900000,6
45.4831392,-73.8458936,519000,4
45.4833374,-73.8448664,520000,2
45.4833374,-73.8448664,370000,2
45.4833721,-73.616185,1450000,2
45.4833721,-73.616185,425000,3
45.4836609,-73.6026824,2098000,5
45.4837167,-73.8570576,335000,5
45.4837731,-73.5942474,2600000,5
45.4838426,-73.8445978,675000,3
45.4838426,-73.8445978,575000,3
45.4839945,-73.6493342,1650000,5
45.4840311,-73.5885395,2499000,5
45.4840833,-73.6017859,2095000,4
45.4841164,-73.6085897,2495000,5
45.4843418,-73.842841,1195000,6
45.484367,-73.6149597,1750000,5
45.4844407,-73.8414043,1829000,6
45.4845375,-73.8660659,469000,3
45.4845963,-73.8814538,459000,4
45.4846517,-73.6236526,1425000,5
45.484739,-73.8447706,572800,4
45.4847454,-73.8293137,1100000,5
45.4847933,-73.6137839,2288000,5
45.4847984,-73.5803942,2195000,4
45.4848045,-73.5867126,1799000,2
45.4849093,-73.6004826,10800000,9
45.4849992,-73.8646213,357000,2
45.4850262,-73.6467936,1495000,4
45.4854148,-73.5910006,2995000,6
45.4855553,-73.8641329,599000,3
45.485615,-73.8047427,465000,7
45.485625,-73.5628759,599000,1
45.4856504,-73.6113082,1925000,5
45.4858222,-73.8800101,1999000,2
45.4859114,-73.6099408,2248000,12
45.4859178,-73.6146841,2399000,4
45.4860766,-73.6405706,639000,2
45.4860909,-73.5755841,1388000,2
45.4861286,-73.5620756,580000,2
45.4862345,-73.8426286,999900,2
45.4862511,-73.8735765,559000,2
45.4862873,-73.5965171,2280000,5
45.4863198,-73.6088061,2598000,4
45.4863524,-73.8423968,650000,2
45.4864451,-73.6413885,779000,2
45.4866547,-73.6121098,12500000,7
45.4866876,-73.8336606,1480000,7
45.4868031,-73.6443716,349900,4
45.4868792,-73.8633916,595000,12
45.4869952,-73.6002954,2488000,5
45.4871243,-73.8637787,759000,3
45.4871982,-73.5608934,399217,1
45.487222,-73.5870096,749999,1
45.4872801,-73.8612878,226000,12
45.4872963,-73.6320463,998000,5
45.4873629,-73.6109356,4998000,5
45.4874404,-73.6203922,849000,3
45.4874945,-73.6160726,2595000,5
45.4875074,-73.5870667,1995000,5
45.4875498,-73.6050945,6980000,7
45.4877171,-73.5668485,549500,12
45.4877171,-73.5668485,534500,2
45.4877171,-73.5668485,524500,2
45.4877171,-73.5668485,514500,2
45.4877171,-73.5668485,514500,3
45.4877171,-73.5668485,409500,2
45.4877286,-73.8095648,549000,2
45.4877311,-73.5983763,2190000,4
45.4877621,-73.6226417,750000,4
45.4877925,-73.6146521,3098000,5
45.4877969,-73.6030074,4195000,5
45.4878298,-73.6126253,3598000,5
45.4878494,-73.5810945,1675000,2
45.4878496,-73.593495,2575000,4
45.4878624,-73.6366818,764000,2
45.487863,-73.6487913,996000,11
45.4879454,-73.8591554,259900,2
45.4879962,-73.6290813,970000,3
45.4880221,-73.5955101,3250000,5
45.4881157,-73.5810452,3600000,4
45.4881247,-73.613315,4650000,6
45.4881377,-73.8234243,675000,12
45.4881728,-73.5973411,1498000,12
45.4881825,-73.6129807,6500000,6
45.4882599,-73.6011393,2290000,4
45.488329,-73.6883388,559000,3
45.4883321,-73.8584877,264900,4
45.4883873,-73.6430567,799000,4
45.4884532,-73.5948365,2490000,5
45.4884716,-73.5910554,453900,2
45.4884716,-73.5910554,367900,2
45.4886903,-73.7855725,585000,4
45.4887155,-73.618075,2488000,5
45.4887953,-73.6208993,2450000,6
45.4888414,-73.8535211,189000,2
45.4888696,-73.790294,679000,5
45.4889908,-73.6091076,3750000,5
45.4890054,-73.6471644,1500000,7
45.4890178,-73.6512843,488000,2
45.4890178,-73.6512843,488000,2
45.4890178,-73.6512843,429000,4
45.4890178,-73.6512843,424000,4
45.4891041,-73.6530498,589000,2
45.4891181,-73.938486,599000,3
45.4891224,-73.6530343,659000,4
45.4891889,-73.5925233,1995000,5
45.4893788,-73.8259407,749000,4
45.4894445,-73.6075439,6995000,5
45.4894767,-73.5820294,689000,3
45.4894767,-73.5820294,575000,2
45.4894767,-73.5820294,434900,1
45.4895081,-73.645402,325000,2
45.4897639,-73.9373385,600000,4
45.4897744,-73.8575812,860000,1
45.4899735,-73.6514554,575000,3
45.4900341,-73.567388,385000,1
45.4900441,-73.5991255,5500000,2
45.4900746,-73.5596961,699000,3
45.4900746,-73.5596961,699000,2
45.4900746,-73.5596961,415000,1
45.4900899,-73.5929434,1995000,4
45.4901144,-73.5740671,819000,3
45.4901506,-73.5589353,715000,2
45.4902286,-73.7802279,650000,5
45.490352,-73.857195,1795000,4
45.4903578,-73.6108941,19800000,5
45.4903774,-73.6065392,4898000,3
45.4903796,-73.8064945,859000,5
45.490438,-73.6210683,1295000,4
45.4905287,-73.558936,2959000,3
45.4905287,-73.558936,1014000,3
45.4905287,-73.558936,941000,3
45.4905287,-73.558936,748000,2
45.4905287,-73.558936,669000,2
45.4905287,-73.558936,668000,2
45.4905287,-73.558936,610000,2
45.4905581,-73.5834013,639000,2
45.4905581,-73.5834013,635000,2
45.4905581,-73.5834013,539000,2
45.4905581,-73.5834013,529000,2
45.4905581,-73.5834013,519000,1
45.4905581,-73.5834013,419000,1
45.4905581,-73.5834013,399900,1
45.4905581,-73.5834013,399000,1
45.4905581,-73.5834013,359000,1
45.4905717,-73.602373,7500000,7
45.4905727,-73.6061135,3850000,4
45.490606,-73.5794358,369000,1
45.4906809,-73.5794838,369000,2
45.4909125,-73.869713,499000,1
45.490945,-73.560541,415000,1
45.490945,-73.560541,399000,1
45.490945,-73.560541,398000,1
45.4909516,-73.8348226,1350000,12
45.491008,-73.800138,295000,3
45.4911139,-73.5884025,785000,3
45.4911371,-73.5799425,1025000,5
45.4911832,-73.7968221,389000,3
45.4911869,-73.8383952,1650000,3
45.4913867,-73.5661156,1199000,3
45.4914709,-73.5764345,680000,12
45.4914709,-73.5764345,649000,2
45.491542,-73.7982169,325000,4
45.4915442,-73.5769131,789000,2
45.4915442,-73.5769131,679000,2
45.4915442,-73.5769131,309000,1
45.4916179,-73.5958726,4298000,4
45.4916837,-73.5773127,348000,1
45.4919135,-73.5589231,2350000,2
45.4919224,-73.7788534,759000,2
45.4919649,-73.5593695,865000,4
45.4920862,-73.8059449,394000,3
45.492113,-73.6424589,1100000,4
45.4921383,-73.5870666,2850000,3
45.4921383,-73.5870666,1095000,2
45.492188,-73.5762664,420000,1
45.4922259,-73.558506,2000000,1
45.4922259,-73.558506,809000,2
45.4922284,-73.8060911,379900,3
45.4923437,-73.5697735,450000,2
45.4923467,-73.6333577,585000,2
45.4923523,-73.5692308,429000,2
45.4924027,-73.5936656,5995000,2
45.4924027,-73.5936656,1822175,2
45.4924234,-73.7814048,699900,6
45.4924495,-73.5606365,688000,1
45.4924495,-73.5606365,399000,1
45.4925024,-73.593874,27800000,8
45.4925874,-73.8896301,519900,3
45.4926656,-73.5911364,2698000,2
45.492686,-73.5957523,4098000,5
45.4927507,-73.5565159,419900,3
45.4927717,-73.8061029,259900,1
45.4927943,-73.5757459,2799000,5
45.4927943,-73.5757459,1299000,3
45.4928079,-73.8066655,852316,3
45.4928079,-73.8066655,539204,3
45.4928079,-73.8066655,495716,2
45.4928079,-73.8066655,423254,3
45.4928079,-73.8066655,415008,4
45.4928079,-73.8066655,402639,2
45.4928079,-73.8066655,394393,2
45.4928861,-73.5684007,729000,2
45.4928937,-73.5778505,2595000,3
45.4929239,-73.5669812,749000,2
45.4930528,-73.5950444,4750000,2
45.4930965,-73.6016079,6900000,10
45.493147,-73.5902602,3498000,5
45.4931533,-73.5835082,529000,2
45.4931624,-73.5911336,3499000,4
45.4932223,-73.5574943,1285000,3
45.4932223,-73.5574943,495000,2
45.4932223,-73.5574943,400000,1
45.4932223,-73.5574943,400000,1
45.4932523,-73.6027391,4498000,5
45.4932567,-73.8670884,515000,3
45.4932826,-73.826202,499000,4
45.4933423,-73.5786518,699000,2
45.4933463,-73.6120787,274900,2
45.493358,-73.5595958,3450000,3
45.493358,-73.5595958,1111110,2
45.493358,-73.5595958,748000,2
45.4933773,-73.8542377,589000,2
45.4933773,-73.8542377,449000,2
45.4936586,-73.6125941,424000,3
45.4936959,-73.558091,499000,2
45.4940007,-73.8314085,694000,5
45.4940414,-73.6125748,159000,1
45.4940827,-73.5591425,849000,1
45.4940827,-73.5591425,425000,1
45.4941037,-73.5885744,1245000,3
45.4941283,-73.8079531,325000,1
45.4941721,-73.5670702,380000,1
45.4941929,-73.5897748,4398000,8
45.4942339,-73.5670867,524900,2
45.4942339,-73.5670867,439000,12
45.4943415,-73.5967408,2960000,6
45.4944103,-73.8158528,799000,3
45.4944371,-73.8436283,494900,3
45.4944905,-73.7941585,179900,2
45.4945318,-73.5644936,65000,2
45.4946451,-73.8708186,524000,4
45.4947185,-73.5586707,629000,3
45.4947185,-73.5586707,449000,2
45.4947863,-73.5578586,374900,1
45.4947863,-73.5578586,349000,1
45.4948926,-73.5753169,519999,2
45.4948926,-73.5753169,485000,1
45.4948926,-73.5753169,449000,12
45.4948926,-73.5753169,385000,1
45.4948926,-73.5753169,379000,12
45.4948926,-73.5753169,375000,1
45.4950134,-73.5797536,545000,2
45.4950507,-73.8012089,439000,3
45.4950751,-73.5693686,1519000,3
45.4950751,-73.5693686,1084100,2
45.4950751,-73.5693686,728785,2
45.4950751,-73.5693686,682200,1
45.4950751,-73.5693686,528180,2
45.4950751,-73.5693686,526200,2
45.4950751,-73.5693686,514500,2
45.4950751,-73.5693686,371200,1
45.4950751,-73.5693686,326800,1
45.4951399,-73.5734892,1281900,3
45.4951399,-73.5734892,958900,2
45.4951399,-73.5734892,586900,5
45.4951399,-73.5734892,364900,1
45.4951446,-73.5753949,348800,1
45.4951446,-73.5753949,339000,3
45.4951454,-73.5719023,1800000,3
45.495148,-73.8129794,742000,5
45.4952188,-73.5661365,439000,2
45.4952188,-73.5661365,425000,1
45.4952188,-73.5661365,389000,1
45.4952188,-73.5661365,384900,1
45.4952188,-73.5661365,329000,4
45.4952755,-73.5952383,799000,4
45.4952755,-73.5952383,749000,3
45.4952755,-73.5952383,699000,2
45.4952755,-73.5952383,618000,3
45.4952755,-73.5952383,599000,3
45.4952755,-73.5952383,539000,2
45.4952755,-73.5952383,389999,2
45.495277,-73.5959372,1185000,3
45.4952771,-73.5959721,949900,3
45.4953244,-73.5593108,398888,12
45.49534,-73.8141033,640000,2
45.4953736,-73.5599157,408000,1
45.4954424,-73.5737862,1080000,3
45.4954472,-73.544793,1425000,3
45.4954472,-73.544793,918000,3
45.4954472,-73.544793,699000,2
45.495474,-73.6075821,675000,4
45.495474,-73.6075821,649000,5
45.495474,-73.6075821,595000,2
45.495474,-73.6075821,359000,1
45.495474,-73.6075821,285000,1
45.495474,-73.6075821,279000,1
45.4954813,-73.8351647,569000,4
45.495639,-73.8305461,528000,4
45.4956653,-73.6010492,449000,4
45.4956738,-73.5742714,475000,1
45.4956738,-73.5742714,475000,1
45.4956738,-73.5742714,390000,2
45.495698,-73.6458255,344236,2
45.495698,-73.6458255,322147,1
45.495698,-73.6458255,304749,1
45.4957107,-73.5681532,1700000,11
45.4957107,-73.5681532,1549000,3
45.4957107,-73.5681532,1488000,2
45.4957107,-73.5681532,1288000,3
45.4957107,-73.5681532,899000,2
45.4957107,-73.5681532,855000,3
45.4957107,-73.5681532,855000,2
45.4957107,-73.5681532,849000,2
45.4957107,-73.5681532,808888,2
45.4957107,-73.5681532,750000,2
45.4957107,-73.5681532,748000,5
45.4957107,-73.5681532,689000,2
45.4957107,-73.5681532,675000,2
45.4957107,-73.5681532,649000,1
45.4957107,-73.5681532,638000,2
45.4957107,-73.5681532,595000,1
45.4957107,-73.5681532,565000,2
45.4957107,-73.5681532,550000,2
45.4957107,-73.5681532,549000,1
45.4957107,-73.5681532,539000,2
45.4957107,-73.5681532,515000,2
45.4957107,-73.5681532,500000,2
45.4957107,-73.5681532,468864,1
45.4957107,-73.5681532,450000,1
45.4957107,-73.5681532,449000,1
45.4957107,-73.5681532,365000,4
45.4957107,-73.5681532,344500,3
45.4957573,-73.580804,499000,2
45.4957573,-73.580804,459000,2
45.4957573,-73.580804,455000,2
45.4957573,-73.580804,429000,1
45.4957573,-73.580804,349900,2
45.495837,-73.5605465,388000,1
45.4959205,-73.5820825,7995000,4
45.4959205,-73.5820825,1375000,1
45.4960103,-73.5705437,2191245,4
45.4960103,-73.5705437,2100000,3
45.4960103,-73.5705437,799900,2
45.4960103,-73.5705437,799000,2
45.4960103,-73.5705437,769000,2
45.4960103,-73.5705437,699000,2
45.4960103,-73.5705437,698000,2
45.4960103,-73.5705437,589000,2
45.4960103,-73.5705437,585585,2
45.4960103,-73.5705437,529925,1
45.4960103,-73.5705437,500000,1
45.4960103,-73.5705437,498000,12
45.4960103,-73.5705437,488800,1
45.4960103,-73.5705437,455000,1
45.4960103,-73.5705437,449500,1
45.4960103,-73.5705437,449000,2
45.4960103,-73.5705437,439934,12
45.4960103,-73.5705437,125000,2
45.4960103,-73.5705437,115000,4
45.4960313,-73.8524484,274900,2
45.4961367,-73.5752418,674000,2
45.4961367,-73.5752418,580000,2
45.4961367,-73.5752418,580000,2
45.4961367,-73.5752418,385000,1
45.4961367,-73.5752418,369000,1
45.4962268,-73.5552574,319000,3
45.4962716,-73.6170857,389900,2
45.4962716,-73.6170857,359000,1
45.4962716,-73.6170857,325000,1
45.496348,-73.5741343,928000,2
45.496348,-73.5741343,599888,4
45.496348,-73.5741343,425000,1
45.4964637,-73.5744662,60000,4
45.4965514,-73.8504515,3000000,3
45.4965803,-73.5612048,319000,3
45.4966237,-73.6523017,419000,2
45.4966294,-73.5726297,1350000,2
45.4966294,-73.5726297,248000,1
45.496746,-73.8854511,579000,4
45.4967482,-73.5552332,445000,3
45.4967523,-73.5705113,1659900,3
45.4967523,-73.5705113,1391607,2
45.4967523,-73.5705113,899000,2
45.4967523,-73.5705113,790000,2
45.4967523,-73.5705113,749000,4
45.4967523,-73.5705113,718887,1
45.4967523,-73.5705113,695000,2
45.4967523,-73.5705113,679000,4
45.4967523,-73.5705113,649000,12
45.4967523,-73.5705113,609000,2
45.4967523,-73.5705113,599000,3
45.4967523,-73.5705113,599000,1
45.4967523,-73.5705113,595000,2
45.4967523,-73.5705113,559000,2
45.4967523,-73.5705113,539000,2
45.4967523,-73.5705113,529000,1
45.4969147,-73.5530797,1175000,2
45.4969147,-73.5530797,355000,1
45.4969147,-73.5530797,299000,1
45.4970435,-73.7994735,559900,2
45.4971371,-73.649829,515000,2
45.4971746,-73.5813821,995000,2
45.4971746,-73.5813821,685000,2
45.4972159,-73.6103642,5900000,2
45.4972159,-73.6103642,5000000,3
45.4972159,-73.6103642,2438088,2
45.4972159,-73.6103642,2389989,12
45.4972159,-73.6103642,1563026,2
45.4972159,-73.6103642,1029000,3
45.4972159,-73.6103642,889000,2
45.4972159,-73.6103642,845000,2
45.4972159,-73.6103642,825000,2
45.4972159,-73.6103642,780000,10
45.4972159,-73.6103642,775000,2
45.4972159,-73.6103642,749000,2
45.4972159,-73.6103642,700000,1
45.4972159,-73.6103642,660000,4
45.4972159,-73.6103642,650000,5
45.4972159,-73.6103642,649000,1
45.4972159,-73.6103642,592000,2
45.4972159,-73.6103642,485640,4
45.4972159,-73.6103642,479000,6
45.4972159,-73.6103642,418346,3
45.4972159,-73.6103642,375000,5
45.4972159,-73.6103642,350000,4
45.4972159,-73.6103642,340000,3
45.4972159,-73.6103642,329900,2
45.4972159,-73.6103642,265000,2
45.4972159,-73.6103642,249900,3
45.4972159,-73.6103642,225000,3
45.4972159,-73.6103642,219000,3
45.4972159,-73.6103642,79000,12
45.4972159,-73.6103642,65000,2
45.4972159,-73.6103642,55000,2
45.4972741,-73.8530878,325000,2
45.4972741,-73.8530878,309000,2
45.4972831,-73.6523548,454000,2
45.4972831,-73.6523548,443000,2
45.4972831,-73.6523548,435000,2
45.4972831,-73.6523548,299900,1
45.4975167,-73.6494292,529900,2
45.4976117,-73.8535404,329500,2
45.4976117,-73.8535404,244900,2
45.4976447,-73.5809161,6950000,12
45.4977606,-73.5808762,2100000,3
45.4977606,-73.5808762,735000,2
45.4977732,-73.5610365,619000,2
45.4979319,-73.5709822,3000000,3
45.4979319,-73.5709822,1699000,3
45.4979319,-73.5709822,1380900,2
45.4979319,-73.5709822,1195000,2
45.4979319,-73.5709822,949000,2
45.4979319,-73.5709822,925000,2
45.4979319,-73.5709822,919000,2
45.4979319,-73.5709822,915000,3
45.4979319,-73.5709822,899000,2
45.4979319,-73.5709822,859000,2
45.4979319,-73.5709822,829000,2
45.4979319,-73.5709822,810200,2
45.4979319,-73.5709822,799000,2
45.4979319,-73.5709822,629000,2
45.4979319,-73.5709822,569000,1
45.4979319,-73.5709822,568000,2
45.4979319,-73.5709822,550000,1
45.4979319,-73.5709822,549999,3
45.4979319,-73.5709822,547000,1
45.4979319,-73.5709822,499000,1
45.4979319,-73.5709822,490000,1
45.4979319,-73.5709822,469000,4
45.4979319,-73.5709822,469000,1
45.4979319,-73.5709822,465000,1
45.4979319,-73.5709822,459900,12
45.4979319,-73.5709822,329000,3
45.4979319,-73.5709822,299000,3
45.4979319,-73.5709822,65000,2
45.4979735,-73.8537755,325000,3
45.4979735,-73.8537755,234900,2
45.4979849,-73.5727006,690000,2
45.4979849,-73.5727006,629000,3
45.4979849,-73.5727006,479900,1
45.4979849,-73.5727006,476000,1
45.4979849,-73.5727006,475000,1
45.4979849,-73.5727006,469500,1
45.4979907,-73.6369655,530000,2
45.4979948,-73.5444608,779000,2
45.4979948,-73.5444608,769000,2
45.4979948,-73.5444608,569000,1
45.4981404,-73.9102867,1344116,6
45.4981655,-73.5799518,2600000,3
45.498193,-73.5444375,1390000,2
45.498193,-73.5444375,1310000,12
45.498193,-73.5444375,835000,2
45.4982028,-73.8166347,479000,4
45.498328,-73.5838009,299000,1
45.4985532,-73.5703899,1010900,3
45.4986475,-73.5845113,289000,1
45.4986949,-73.5545894,618000,2
45.4986949,-73.5545894,575000,3
45.4987042,-73.6520958,449500,3
45.4987042,-73.6520958,424000,2
45.4987122,-73.5821729,799000,2
45.498809,-73.8332747,574000,4
45.4988299,-73.8289424,519000,3
45.4988366,-73.5535014,1078000,1
45.4988366,-73.5535014,1074900,3
45.498884,-73.5530558,1980000,2
45.498884,-73.5530558,1100000,2
45.4988869,-73.6443132,765000,3
45.4988869,-73.6443132,519000,2
45.4988869,-73.6443132,399000,4
45.4988869,-73.6443132,383871,2
45.4989733,-73.8678513,549900,3
45.4990425,-73.789241,249000,4
45.4990635,-73.5541806,2895000,2
45.4990912,-73.821437,535000,5
45.4993253,-73.5565347,495000,2
45.4993253,-73.5565347,337000,1
45.4993691,-73.6486168,365000,1
45.4994472,-73.5837288,725000,3
45.4994571,-73.6212392,629000,3
45.4994906,-73.5812014,4100000,2
45.4994906,-73.5812014,2400000,3
45.4994933,-73.559498,769000,3
45.4995159,-73.6489237,538000,4
45.4995348,-73.5763779,7300000,4
45.4995348,-73.5763779,3200000,2
45.4995348,-73.5763779,2900000,3
45.4995348,-73.5763779,1199000,4
45.4995348,-73.5763779,1100000,4
45.4995348,-73.5763779,1088000,3
45.4995348,-73.5763779,1049000,2
45.4995348,-73.5763779,838000,2
45.4995348,-73.5763779,775000,2
45.4995665,-73.7968378,548000,5
45.4996352,-73.5789808,2750000,2
45.4996352,-73.5789808,1760000,3
45.4996352,-73.5789808,850000,2
45.4996352,-73.5789808,715000,2
45.4996352,-73.5789808,599000,1
45.4996372,-73.5810599,2225000,7
45.4996423,-73.5756364,2995000,2
45.4996607,-73.701688,449800,3
45.4997641,-73.5617696,4829900,3
45.4997641,-73.5617696,2519900,2
45.4997641,-73.5617696,806900,2
45.4997641,-73.5617696,782900,2
45.4997641,-73.5617696,571900,1
45.4997666,-73.5842083,15000000,6
45.4997666,-73.5842083,11900000,6
45.4997666,-73.5842083,2690000,1
45.4997666,-73.5842083,2395000,3
45.499773,-73.5783586,4995000,2
45.499773,-73.5783586,3995000,2
45.4998361,-73.5756825,1250000,2
45.4998361,-73.5756825,1200000,2
45.4999711,-73.7906138,269000,3
45.5000021,-73.6534475,420000,2
45.5000087,-73.783561,249000,2
45.5000416,-73.8480279,614800,4
45.5000956,-73.9056752,349000,1
45.5000956,-73.9056752,349000,4
45.5000986,-73.6241387,329000,2
45.5001355,-73.5846709,1645000,3
45.5002447,-73.9049161,1450000,4
45.5003968,-73.578241,1295000,3
45.5004671,-73.5597888,1795000,2
45.5004671,-73.5597888,849000,3
45.5005824,-73.6762234,649000,4
45.5006096,-73.5562373,588000,1
45.5006372,-73.5608988,2426900,2
45.5006372,-73.5608988,2318900,2
45.5006372,-73.5608988,580900,1
45.5006644,-73.5547048,745000,2
45.5008725,-73.8363548,459000,5
45.500977,-73.7037912,549000,3
45.5009922,-73.7847154,395000,12
45.5010318,-73.7038788,415000,2
45.5010318,-73.7038788,374900,2
45.5010318,-73.7038788,349000,2
45.5010488,-73.8290874,629900,5
45.5011219,-73.8349193,479000,2
45.5011509,-73.5571439,1175000,2
45.5012417,-73.5820183,4488000,3
45.5012417,-73.5820183,2295000,3
45.5012417,-73.5820183,1550000,3
45.5012417,-73.5820183,699000,2
45.5012417,-73.5820183,690000,1
45.5012417,-73.5820183,629000,1
45.5012417,-73.5820183,589000,4
45.5012417,-73.5820183,565000,1
45.5012417,-73.5820183,549000,1
45.5012417,-73.5820183,389000,2
45.5012417,-73.5820183,339000,1
45.5013233,-73.5796195,719000,3
45.5014118,-73.5740249,759800,2
45.5014118,-73.5740249,749000,2
45.5014655,-73.5799183,550000,2
45.5015357,-73.5538784,899000,2
45.5017403,-73.7257841,770000,3
45.5020662,-73.6891897,849000,4
45.5021222,-73.5631525,549000,1
45.5021222,-73.5631525,457000,3
45.5021344,-73.5579564,1075000,2
45.5021344,-73.5579564,1049000,3
45.5025393,-73.792031,450000,4
45.5025426,-73.8523468,429000,5
45.502687,-73.5627366,569000,3
45.5027133,-73.8280719,559000,4
45.5028049,-73.568741,1049000,2
45.5028049,-73.568741,925000,2
45.5028049,-73.568741,899000,12
45.5028049,-73.568741,799000,2
45.5028049,-73.568741,798000,2
45.5028049,-73.568741,749000,2
45.5028049,-73.568741,689000,5
45.5028049,-73.568741,598000,2
45.5028049,-73.568741,579000,1
45.5028049,-73.568741,549900,1
45.5028049,-73.568741,525000,2
45.5028049,-73.568741,469000,1
45.502982,-73.5678469,1366950,3
45.502982,-73.5678469,699000,2
45.502982,-73.5678469,648950,2
45.502982,-73.5678469,589000,1
45.502982,-73.5678469,539000,1
45.502982,-73.5678469,539000,1
45.502982,-73.5678469,519000,3
45.502982,-73.5678469,479000,1
45.502982,-73.5678469,449000,3
45.502982,-73.5678469,339000,1
45.502982,-73.5678469,72000,4
45.5033609,-73.5550675,1000000,2
45.5034436,-73.5635422,789000,1
45.5034436,-73.5635422,399000,1
45.5035926,-73.9122717,1999000,5
45.5035951,-73.8314647,1290000,2
45.5038231,-73.861943,1449000,4
45.5039195,-73.6634575,575000,2
45.5039323,-73.690494,975000,5
45.5039976,-73.5623415,3399000,3
45.5039976,-73.5623415,2649000,3
45.5039976,-73.5623415,2079000,2
45.5039976,-73.5623415,1989000,2
45.5039976,-73.5623415,475260,1
45.5040404,-73.8665487,419000,12
45.504057,-73.7817375,608742,4
45.5041117,-73.9064678,825000,4
45.5042319,-73.6458432,1259000,3
45.5042736,-73.5629188,1025000,4
45.5042736,-73.5629188,868000,2
45.5043281,-73.8537151,489000,4
45.5044103,-73.5550877,262000,1
45.5044103,-73.5550877,260000,1
45.504422,-73.8557266,1699000,7
45.5044243,-73.9056881,898000,5
45.5045292,-73.6616457,1658000,3
45.5045466,-73.6765146,499900,2
45.5045975,-73.7283598,2798000,7
45.5047725,-73.5555402,649000,2
45.5048188,-73.554394,610000,1
45.5048365,-73.5557754,1198000,3
45.505,-73.9078943,895000,12
45.5051706,-73.5546629,1250000,11
45.5051855,-73.833655,617700,3
45.5052069,-73.5552975,990000,2
45.5052403,-73.5552788,798000,2
45.5052572,-73.9046109,799000,5
45.5053263,-73.8113394,459000,4
45.5053834,-73.7763844,319000,2
45.5054563,-73.6967497,929000,3
45.5055162,-73.8264297,360000,5
45.5055295,-73.5650871,1999000,2
45.5055295,-73.5650871,1499000,3
45.5055758,-73.6784498,699900,3
45.5057348,-73.8556363,688000,3
45.5058689,-73.6920243,557700,3
45.505913,-73.7186147,799000,3
45.5059335,-73.8114825,649000,6
45.5060243,-73.6915851,839900,4
45.5061544,-73.6509378,1349000,12
45.5061905,-73.7689011,748000,4
45.5061954,-73.682112,575000,2
45.5062691,-73.6527429,2749000,5
45.5063311,-73.5563519,925000,3
45.5063311,-73.5563519,599000,2
45.5063311,-73.5563519,378000,2
45.5063473,-73.7249831,2488000,6
45.5063714,-73.5707664,55000,2
45.5065441,-73.9079941,619000,3
45.5065839,-73.8685749,775000,5
45.5066397,-73.8603984,3280000,5
45.5066908,-73.6447061,1525000,2
45.5067908,-73.9086174,439900,3
45.5068576,-73.5681233,3999000,4
45.5068786,-73.6479576,1525000,4
45.5070344,-73.5688402,975000,2
45.5070344,-73.5688402,929000,2
45.5070344,-73.5688402,750000,2
45.5070344,-73.5688402,699000,2
45.5070344,-73.5688402,689000,2
45.5070344,-73.5688402,679000,11
45.5070344,-73.5688402,470000,1
45.5070344,-73.5688402,465000,1
45.5070344,-73.5688402,450000,1
45.5070344,-73.5688402,60000,11
45.507073,-73.8600959,1948000,4
45.5071399,-73.7170268,387000,2
45.5071725,-73.6731098,439000,2
45.5071736,-73.5707744,1380000,3
45.5071736,-73.5707744,1034000,2
45.5071736,-73.5707744,995000,2
45.5071736,-73.5707744,924000,4
45.5071736,-73.5707744,914000,2
45.5071736,-73.5707744,800000,2
45.5071736,-73.5707744,799000,2
45.5071736,-73.5707744,745000,3
45.5071736,-73.5707744,709000,2
45.5071736,-73.5707744,680000,2
45.5071736,-73.5707744,655000,12
45.5071736,-73.5707744,635000,2
45.5071736,-73.5707744,549900,1
45.5071736,-73.5707744,459000,1
45.5071736,-73.5707744,448000,1
45.5073769,-73.6491155,4950000,7
45.5074232,-73.9093474,789000,4
45.5074702,-73.726898,1588000,4
45.5075292,-73.7684795,1270000,4
45.5075783,-73.6162024,399000,1
45.5076236,-73.7859962,450000,4
45.507731,-73.5739236,574000,2
45.507748,-73.6725626,288000,1
45.5077517,-73.85277,1195000,3
45.5077615,-73.8340719,499000,4
45.5079475,-73.7215586,2198000,6
45.5079639,-73.6718781,429000,4
45.5080193,-73.7307364,3798000,7
45.5084172,-73.6608236,315000,1
45.5084625,-73.872565,1195000,5
45.5084675,-73.8593332,1198000,5
45.5084857,-73.713861,848000,4
45.5086337,-73.7935414,319900,3
45.5086567,-73.8361703,399900,4
45.5086902,-73.5772016,289000,1
45.5086947,-73.7913787,1788000,4
45.5087747,-73.8311785,429900,4
45.5088375,-73.7892665,971000,5
45.50884,-73.58781,6998000,6
45.50884,-73.58781,6000000,12
45.50884,-73.58781,5998000,8
45.50884,-73.58781,5499000,3
45.50884,-73.58781,5188000,5
45.50884,-73.58781,3999999,3
45.50884,-73.58781,3595000,4
45.50884,-73.58781,3499000,4
45.50884,-73.58781,2999000,7
45.50884,-73.58781,2995000,2
45.50884,-73.58781,2670400,3
45.50884,-73.58781,2650000,6
45.50884,-73.58781,2650000,4
45.50884,-73.58781,2598000,12
45.50884,-73.58781,2495000,5
45.50884,-73.58781,2250000,4
45.50884,-73.58781,2250000,6
45.50884,-73.58781,2200000,5
45.50884,-73.58781,2195000,7
45.50884,-73.58781,2100000,2
45.50884,-73.58781,1998000,1
45.50884,-73.58781,1956000,3
45.50884,-73.58781,1950000,4
45.50884,-73.58781,1890000,5
45.50884,-73.58781,1880000,3
45.50884,-73.58781,1860000,3
45.50884,-73.58781,1799000,2
45.50884,-73.58781,1799000,3
45.50884,-73.58781,1775000,4
45.50884,-73.58781,1749000,2
45.50884,-73.58781,1700000,1
45.50884,-73.58781,1676625,5
45.50884,-73.58781,1649000,3
45.50884,-73.58781,1599000,5
45.50884,-73.58781,1595000,5
45.50884,-73.58781,1550000,3
45.50884,-73.58781,1525000,2
45.50884,-73.58781,1500000,1
45.50884,-73.58781,1495000,4
45.50884,-73.58781,1450000,2
45.50884,-73.58781,1400000,4
45.50884,-73.58781,1398000,4
45.50884,-73.58781,1395000,6
45.50884,-73.58781,1395000,3
45.50884,-73.58781,1381700,1
45.50884,-73.58781,1367000,4
45.50884,-73.58781,1349000,5
45.50884,-73.58781,1332000,5
45.50884,-73.58781,1310000,2
45.50884,-73.58781,1299000,2
45.50884,-73.58781,1299000,1
45.50884,-73.58781,1299000,6
45.50884,-73.58781,1298000,6
45.50884,-73.58781,1298000,3
45.50884,-73.58781,1278000,5
45.50884,-73.58781,1250000,3
45.50884,-73.58781,1249000,3
45.50884,-73.58781,1200000,2
45.50884,-73.58781,1200000,1
45.50884,-73.58781,1199000,2
45.50884,-73.58781,1199000,5
45.50884,-73.58781,1199000,2
45.50884,-73.58781,1199000,4
45.50884,-73.58781,1195000,3
45.50884,-73.58781,1189000,6
45.50884,-73.58781,1185000,5
45.50884,-73.58781,1179000,4
45.50884,-73.58781,1175000,3
45.50884,-73.58781,1150000,3
45.50884,-73.58781,1150000,2
45.50884,-73.58781,1150000,3
45.50884,-73.58781,1149000,4
45.50884,-73.58781,1145000,3
45.50884,-73.58781,1140000,2
45.50884,-73.58781,1100000,12
45.50884,-73.58781,1099000,3
45.50884,-73.58781,1099000,2
45.50884,-73.58781,1098000,5
45.50884,-73.58781,1095000,2
45.50884,-73.58781,1090000,2
45.50884,-73.58781,1090000,2
45.50884,-73.58781,1088000,5
45.50884,-73.58781,1080000,6
45.50884,-73.58781,1068000,3
45.50884,-73.58781,1050000,8
45.50884,-73.58781,1050000,4
45.50884,-73.58781,1050000,2
45.50884,-73.58781,1049000,3
45.50884,-73.58781,999900,5
45.50884,-73.58781,990000,3
45.50884,-73.58781,989000,2
45.50884,-73.58781,974900,2
45.50884,-73.58781,970000,12
45.50884,-73.58781,968000,3
45.50884,-73.58781,959000,2
45.50884,-73.58781,950000,3
45.50884,-73.58781,949000,3
45.50884,-73.58781,949000,3
45.50884,-73.58781,948032,3
45.50884,-73.58781,939000,2
45.50884,-73.58781,935000,1
45.50884,-73.58781,929000,2
45.50884,-73.58781,925000,3
45.50884,-73.58781,925000,4
45.50884,-73.58781,919000,3
45.50884,-73.58781,910000,3
45.50884,-73.58781,909000,3
45.50884,-73.58781,900000,3
45.50884,-73.58781,899900,2
45.50884,-73.58781,899000,5
45.50884,-73.58781,899000,3
45.50884,-73.58781,899000,2
45.50884,-73.58781,899000,4
45.50884,-73.58781,898000,1
45.50884,-73.58781,898000,2
45.50884,-73.58781,895000,12
45.50884,-73.58781,891000,3
45.50884,-73.58781,889000,3
45.50884,-73.58781,889000,1
45.50884,-73.58781,889000,2
45.50884,-73.58781,879000,5
45.50884,-73.58781,879000,4
45.50884,-73.58781,879000,2
45.50884,-73.58781,879000,4
45.50884,-73.58781,879000,2
45.50884,-73.58781,875000,3
45.50884,-73.58781,874900,2
45.50884,-73.58781,870000,3
45.50884,-73.58781,859000,11
45.50884,-73.58781,850000,2
45.50884,-73.58781,850000,4
45.50884,-73.58781,849000,3
45.50884,-73.58781,849000,3
45.50884,-73.58781,849000,3
45.50884,-73.58781,837900,4
45.50884,-73.58781,835000,11
45.50884,-73.58781,829000,3
45.50884,-73.58781,829000,2
45.50884,-73.58781,828000,2
45.50884,-73.58781,825000,2
45.50884,-73.58781,825000,4
45.50884,-73.58781,820000,12
45.50884,-73.58781,819000,3
45.50884,-73.58781,819000,3
45.50884,-73.58781,800000,3
45.50884,-73.58781,799900,1
45.50884,-73.58781,799900,1
45.50884,-73.58781,799000,3
45.50884,-73.58781,799000,4
45.50884,-73.58781,799000,3
45.50884,-73.58781,799000,3
45.50884,-73.58781,799000,3
45.50884,-73.58781,799000,3
45.50884,-73.58781,799000,3
45.50884,-73.58781,795000,2
45.50884,-73.58781,795000,2
45.50884,-73.58781,795000,3
45.50884,-73.58781,789000,1
45.50884,-73.58781,789000,2
45.50884,-73.58781,785000,2
45.50884,-73.58781,779000,2
45.50884,-73.58781,775000,3
45.50884,-73.58781,775000,4
45.50884,-73.58781,775000,3
45.50884,-73.58781,769900,3
45.50884,-73.58781,769000,2
45.50884,-73.58781,765000,3
45.50884,-73.58781,759900,1
45.50884,-73.58781,759900,3
45.50884,-73.58781,759000,2
45.50884,-73.58781,759000,3
45.50884,-73.58781,750000,2
45.50884,-73.58781,749000,4
45.50884,-73.58781,749000,4
45.50884,-73.58781,749000,2
45.50884,-73.58781,749000,4
45.50884,-73.58781,749000,4
45.50884,-73.58781,749000,2
45.50884,-73.58781,749000,3
45.50884,-73.58781,749000,2
45.50884,-73.58781,749000,1
45.50884,-73.58781,749000,2
45.50884,-73.58781,748000,3
45.50884,-73.58781,747000,3
45.50884,-73.58781,745000,2
45.50884,-73.58781,740000,3
45.50884,-73.58781,739900,1
45.50884,-73.58781,739000,1
45.50884,-73.58781,730000,5
45.50884,-73.58781,729000,4
45.50884,-73.58781,729000,3
45.50884,-73.58781,729000,2
45.50884,-73.58781,729000,12
45.50884,-73.58781,719000,3
45.50884,-73.58781,717000,4
45.50884,-73.58781,714000,2
45.50884,-73.58781,699888,3
45.50884,-73.58781,699000,1
45.50884,-73.58781,699000,4
45.50884,-73.58781,699000,2
45.50884,-73.58781,699000,2
45.50884,-73.58781,698500,3
45.50884,-73.58781,697500,2
45.50884,-73.58781,689900,3
45.50884,-73.58781,689000,2
45.50884,-73.58781,689000,3
45.50884,-73.58781,685000,6
45.50884,-73.58781,685000,3
45.50884,-73.58781,680000,2
45.50884,-73.58781,680000,2
45.50884,-73.58781,679900,3
45.50884,-73.58781,679000,4
45.50884,-73.58781,679000,3
45.50884,-73.58781,679000,3
45.50884,-73.58781,679000,3
45.50884,-73.58781,679000,3
45.50884,-73.58781,675000,3
45.50884,-73.58781,670000,2
45.50884,-73.58781,669120,2
45.50884,-73.58781,665000,3
45.50884,-73.58781,659900,3
45.50884,-73.58781,659000,2
45.50884,-73.58781,659000,3
45.50884,-73.58781,659000,3
45.50884,-73.58781,655000,3
45.50884,-73.58781,650000,3
45.50884,-73.58781,650000,2
45.50884,-73.58781,649000,2
45.50884,-73.58781,649000,5
45.50884,-73.58781,649000,4
45.50884,-73.58781,648888,2
45.50884,-73.58781,645000,2
45.50884,-73.58781,641000,3
45.50884,-73.58781,639900,3
45.50884,-73.58781,629000,3
45.50884,-73.58781,629000,3
45.50884,-73.58781,619000,3
45.50884,-73.58781,619000,3
45.50884,-73.58781,615000,7
45.50884,-73.58781,605000,2
45.50884,-73.58781,599900,3
45.50884,-73.58781,599900,1
45.50884,-73.58781,599900,5
45.50884,-73.58781,599000,3
45.50884,-73.58781,599000,4
45.50884,-73.58781,599000,4
45.50884,-73.58781,599000,1
45.50884,-73.58781,599000,2
45.50884,-73.58781,595000,3
45.50884,-73.58781,590400,12
45.50884,-73.58781,589000,3
45.50884,-73.58781,589000,2
45.50884,-73.58781,589000,4
45.50884,-73.58781,589000,2
45.50884,-73.58781,585000,2
45.50884,-73.58781,584000,2
45.50884,-73.58781,582750,1
45.50884,-73.58781,579000,3
45.50884,-73.58781,579000,12
45.50884,-73.58781,569900,3
45.50884,-73.58781,569000,3
45.50884,-73.58781,565000,12
45.50884,-73.58781,565000,2
45.50884,-73.58781,560493,3
45.50884,-73.58781,560000,3
45.50884,-73.58781,560000,2
45.50884,-73.58781,559000,2
45.50884,-73.58781,559000,3
45.50884,-73.58781,550000,2
45.50884,-73.58781,550000,3
45.50884,-73.58781,550000,2
45.50884,-73.58781,550000,3
45.50884,-73.58781,550000,4
45.50884,-73.58781,549900,4
45.50884,-73.58781,549000,12
45.50884,-73.58781,549000,2
45.50884,-73.58781,549000,2
45.50884,-73.58781,545000,3
45.50884,-73.58781,539000,3
45.50884,-73.58781,532405,3
45.50884,-73.58781,532340,3
45.50884,-73.58781,530000,2
45.50884,-73.58781,529900,3
45.50884,-73.58781,529000,2
45.50884,-73.58781,529000,5
45.50884,-73.58781,525000,1
45.50884,-73.58781,525000,3
45.50884,-73.58781,525000,2
45.50884,-73.58781,525000,2
45.50884,-73.58781,520000,1
45.50884,-73.58781,514000,2
45.50884,-73.58781,505000,6
45.50884,-73.58781,500000,2
45.50884,-73.58781,500000,3
45.50884,-73.58781,499900,3
45.50884,-73.58781,499500,2
45.50884,-73.58781,499000,1
45.50884,-73.58781,499000,2
45.50884,-73.58781,499000,2
45.50884,-73.58781,499000,2
45.50884,-73.58781,499000,3
45.50884,-73.58781,499000,1
45.50884,-73.58781,489999,1
45.50884,-73.58781,489900,5
45.50884,-73.58781,489900,2
45.50884,-73.58781,485000,2
45.50884,-73.58781,480000,3
45.50884,-73.58781,480000,4
45.50884,-73.58781,479000,3
45.50884,-73.58781,479000,3
45.50884,-73.58781,474500,2
45.50884,-73.58781,469500,5
45.50884,-73.58781,468797,12
45.50884,-73.58781,467700,4
45.50884,-73.58781,464900,3
45.50884,-73.58781,459000,3
45.50884,-73.58781,459000,3
45.50884,-73.58781,459000,4
45.50884,-73.58781,450000,2
45.50884,-73.58781,450000,1
45.50884,-73.58781,450000,4
45.50884,-73.58781,449900,3
45.50884,-73.58781,449800,5
45.50884,-73.58781,449500,3
45.50884,-73.58781,449500,3
45.50884,-73.58781,449000,4
45.50884,-73.58781,449000,4
45.50884,-73.58781,449000,2
45.50884,-73.58781,449000,3
45.50884,-73.58781,447700,3
45.50884,-73.58781,447700,3
45.50884,-73.58781,439000,3
45.50884,-73.58781,439000,2
45.50884,-73.58781,429000,1
45.50884,-73.58781,429000,3
45.50884,-73.58781,429000,2
45.50884,-73.58781,429000,2
45.50884,-73.58781,425000,4
45.50884,-73.58781,424900,2
45.50884,-73.58781,420000,4
45.50884,-73.58781,420000,2
45.50884,-73.58781,419000,3
45.50884,-73.58781,419000,2
45.50884,-73.58781,410059,2
45.50884,-73.58781,400000,5
45.50884,-73.58781,399500,3
45.50884,-73.58781,399000,4
45.50884,-73.58781,399000,6
45.50884,-73.58781,396000,1
45.50884,-73.58781,385000,4
45.50884,-73.58781,380000,12
45.50884,-73.58781,380000,4
45.50884,-73.58781,379900,3
45.50884,-73.58781,379000,2
45.50884,-73.58781,375000,4
45.50884,-73.58781,374900,3
45.50884,-73.58781,372383,2
45.50884,-73.58781,369900,3
45.50884,-73.58781,359000,2
45.50884,-73.58781,359000,5
45.50884,-73.58781,355740,2
45.50884,-73.58781,350000,2
45.50884,-73.58781,350000,1
45.50884,-73.58781,349000,1
45.50884,-73.58781,345000,3
45.50884,-73.58781,339000,3
45.50884,-73.58781,339000,3
45.50884,-73.58781,330000,2
45.50884,-73.58781,329000,2
45.50884,-73.58781,329000,2
45.50884,-73.58781,320000,1
45.50884,-73.58781,319000,2
45.50884,-73.58781,309000,3
45.50884,-73.58781,299000,2
45.50884,-73.58781,289900,2
45.50884,-73.58781,289000,2
45.50884,-73.58781,286000,3
45.50884,-73.58781,285000,5
45.50884,-73.58781,279000,4
45.50884,-73.58781,278900,2
45.50884,-73.58781,274900,2
45.50884,-73.58781,269000,3
45.50884,-73.58781,260000,12
45.50884,-73.58781,245000,3
45.50884,-73.58781,229000,2
45.50884,-73.58781,224900,3
45.50884,-73.58781,219000,2
45.50884,-73.58781,219000,2
45.50884,-73.58781,217000,2
45.50884,-73.58781,199000,12
45.50884,-73.58781,189800,2
45.50884,-73.58781,169900,2
45.50884,-73.58781,158900,2
45.50884,-73.58781,154000,2
45.50884,-73.58781,150000,1
45.50884,-73.58781,150000,1
45.50884,-73.58781,130000,2
45.50884,-73.58781,95000,2
45.50884,-73.58781,75000,1
45.50884,-73.58781,75000,3
45.50884,-73.58781,68000,2
45.50884,-73.58781,60000,2
45.50884,-73.58781,60000,4
45.50884,-73.58781,55000,3
45.50884,-73.58781,50000,3
45.50884,-73.58781,38000,3
45.50884,-73.58781,5000,12
45.50884,-73.58781,5000,2
45.5088421,-73.7934967,995000,5
45.5089058,-73.7203488,549000,2
45.5089123,-73.720128,629900,3
45.5090213,-73.7221702,2797000,7
45.5092144,-73.5766219,439000,2
45.5092986,-73.6310418,169000,1
45.5093072,-73.5517785,6250000,6
45.5093162,-73.6871371,414900,2
45.5093435,-73.897593,710000,4
45.5093603,-73.7174715,450000,2
45.5094235,-73.8661756,819000,5
45.5094356,-73.7296626,1799000,5
45.5094845,-73.8469176,369000,5
45.5094972,-73.5612597,618000,2
45.5095677,-73.6381648,1369000,4
45.5095711,-73.7265799,2158000,4
45.5096833,-73.7263864,798000,3
45.5096833,-73.7263864,579000,2
45.5096853,-73.7343328,369000,2
45.5097579,-73.8377862,379000,5
45.5098131,-73.8682847,1295000,4
45.5098131,-73.8682847,1196000,5
45.5098131,-73.8682847,1012400,5
45.5098131,-73.8682847,881160,4
45.5098131,-73.8682847,828000,4
45.5098131,-73.8682847,806000,5
45.509834,-73.5672844,489000,2
45.509834,-73.5672844,459800,12
45.509845,-73.6924845,649000,4
45.5098949,-73.557933,828000,3
45.5099149,-73.557978,997000,2
45.5099627,-73.7312805,1788000,4
45.5099857,-73.8475051,394900,4
45.5100692,-73.8476023,1099000,3
45.5101268,-73.7292769,849000,3
45.5102229,-73.5615501,399000,2
45.510244,-73.7131214,833800,4
45.5102894,-73.7305061,2395000,5
45.510345,-73.8041773,235000,2
45.510345,-73.8041773,230000,4
45.5103552,-73.5525022,399000,1
45.5103933,-73.7129372,769000,3
45.5104244,-73.5616717,329000,1
45.5104869,-73.5521541,875000,3
45.5105037,-73.8508717,995000,4
45.5105405,-73.7331833,309900,1
45.5106842,-73.7176872,445000,2
45.5107011,-73.55135,1949000,4
45.5107355,-73.5520084,724900,2
45.5107612,-73.5668235,638000,2
45.5107612,-73.5668235,488000,2
45.5107793,-73.8095283,355540,5
45.5107793,-73.8095283,349160,3
45.5107793,-73.8095283,346550,2
45.5107793,-73.8095283,341325,3
45.5107793,-73.8095283,333580,3
45.5107793,-73.8095283,307000,3
45.5107793,-73.8095283,272090,2
45.5108204,-73.6999353,509000,2
45.5108596,-73.6546457,3200000,6
45.5109349,-73.7176922,459000,2
45.5109733,-73.5510311,679900,1
45.5109961,-73.699997,599000,2
45.5110316,-73.5500557,2060000,3
45.5110316,-73.5500557,1875000,6
45.5110316,-73.5500557,1525000,2
45.5110316,-73.5500557,1522000,3
45.5110316,-73.5500557,925000,2
45.5110877,-73.705426,979000,3
45.5111327,-73.5752503,1195000,3
45.5111604,-73.7488676,1390000,5
45.5111759,-73.8494078,1099000,4
45.5111769,-73.5612405,495000,2
45.5112206,-73.5652683,475000,1
45.5112596,-73.8221573,169000,1
45.5112884,-73.5670508,492500,2
45.5113068,-73.6435834,3995000,5
45.511341,-73.8164455,500000,4
45.5113553,-73.7550954,1049000,10
45.5114994,-73.7497777,949000,5
45.5115509,-73.8049834,479900,3
45.5115751,-73.5539544,540000,3
45.5115751,-73.5539544,384000,3
45.5117744,-73.8121505,385000,3
45.5118858,-73.5497206,675000,2
45.512021,-73.6569922,1998000,4
45.5120341,-73.7506892,1669000,4
45.512058,-73.5565637,495000,1
45.5121093,-73.8092743,489000,2
45.5121344,-73.5495865,980000,12
45.5121344,-73.5495865,749000,2
45.5121393,-73.5688862,525000,2
45.5121393,-73.5688862,434500,1
45.5121846,-73.6815888,649000,3
45.5123244,-73.7253804,579000,3
45.5123275,-73.6064702,2895000,3
45.5123514,-73.6207261,1399000,3
45.5123536,-73.5505808,1239000,4
45.5124007,-73.5507565,603000,1
45.5124007,-73.5507565,599900,3
45.5125377,-73.5683808,869000,4
45.5126011,-73.8304272,399900,12
45.5126107,-73.8305249,358000,3
45.5126456,-73.8976719,3300000,4
45.512691,-73.5493,5499000,3
45.5126976,-73.8330216,419900,4
45.5128669,-73.5679789,758000,3
45.5129303,-73.8152754,314900,2
45.5130678,-73.6297885,939000,3
45.5130987,-73.658438,1028000,4
45.5131434,-73.5568156,499000,3
45.5131434,-73.5568156,499000,1
45.5132429,-73.7111603,369000,1
45.5133095,-73.6783739,949000,3
45.5133499,-73.8479932,1099000,3
45.5133507,-73.6093185,1899000,4
45.513474,-73.5511712,750000,3
45.5134963,-73.8259855,325000,2
45.5134982,-73.7086343,450000,2
45.51356,-73.7107671,673000,3
45.5136016,-73.8137493,329000,3
45.5136416,-73.8134338,369900,4
45.5136446,-73.5526549,749000,2
45.5136766,-73.5516922,315000,1
45.5137178,-73.8301264,499900,3
45.5137258,-73.5480087,5499999,3
45.5137258,-73.5480087,1599000,3
45.5137258,-73.5480087,1149000,4
45.5137258,-73.5480087,859000,3
45.5137258,-73.5480087,675000,1
45.5137258,-73.5480087,658000,12
45.5137258,-73.5480087,549000,1
45.5137258,-73.5480087,496000,1
45.5137729,-73.8102603,745000,4
45.5137843,-73.8249389,539000,3
45.5138276,-73.679573,749000,2
45.513877,-73.8159198,375000,3
45.5140766,-73.5513566,569000,2
45.5140784,-73.6056818,2999000,4
45.514115,-73.8041599,350000,1
45.5143776,-73.8344977,749000,4
45.5143798,-73.5534158,519000,2
45.5143989,-73.629265,499000,2
45.5144116,-73.5684548,3770000,6
45.5144616,-73.6288866,885000,3
45.5146075,-73.8132739,319000,4
45.5146427,-73.7131242,1298000,4
45.5146968,-73.6419392,470000,1
45.5147369,-73.5779974,524900,3
45.5148259,-73.5682076,725000,1
45.5148259,-73.5682076,449000,1
45.5150002,-73.552978,498000,1
45.5150224,-73.5708901,359000,1
45.515059,-73.5681121,635000,2
45.515059,-73.5681121,420000,1
45.5150819,-73.6578133,719000,3
45.5152409,-73.8069414,879000,5
45.5152744,-73.5563286,649000,3
45.5153258,-73.6510482,1859000,4
45.5153319,-73.8146839,749900,3
45.515449,-73.5720734,1250000,2
45.5155256,-73.7053946,639000,2
45.5155352,-73.6042551,3798000,5
45.515567,-73.8290813,215000,2
45.5155838,-73.8321095,650000,4
45.5155981,-73.6291873,530000,4
45.5155981,-73.6291873,425000,2
45.5156033,-73.6051257,2999999,6
45.5156235,-73.8618905,225000,3
45.5156707,-73.5533738,975000,4
45.5157919,-73.580777,1395000,1
45.5159963,-73.5549626,739000,2
45.5161022,-73.6248336,1349000,2
45.5161146,-73.8297701,229000,2
45.5161387,-73.5679613,699000,2
45.5161387,-73.5679613,599000,1
45.5161485,-73.6249373,1650000,2
45.5162608,-73.6077706,2795000,6
45.5162829,-73.6429846,3989360,3
45.5162829,-73.6429846,3542402,2
45.5162829,-73.6429846,3183620,3
45.5162829,-73.6429846,3121930,3
45.5162829,-73.6429846,3114900,3
45.5162829,-73.6429846,2931175,3
45.5162829,-73.6429846,2439250,3
45.5162829,-73.6429846,2376570,4
45.5162829,-73.6429846,2213880,3
45.5162829,-73.6429846,2147935,3
45.5162829,-73.6429846,2105593,2
45.5162829,-73.6429846,2079977,3
45.5162829,-73.6429846,2072175,3
45.5162829,-73.6429846,2004800,3
45.5162829,-73.6429846,1970100,2
45.5162829,-73.6429846,1437952,2
45.5162829,-73.6429846,922397,1
45.5163184,-73.6276597,1159000,5
45.5163632,-73.6534116,1995000,6
45.5164081,-73.5650763,747000,3
45.5164081,-73.5650763,399000,2
45.5164081,-73.5650763,365000,2
45.5164895,-73.681551,659000,2
45.5165677,-73.5820042,459000,3
45.5165792,-73.7316258,894000,3
45.5167106,-73.5761902,699900,2
45.516749,-73.6192813,1945000,4
45.5167771,-73.6268317,795000,3
45.5167771,-73.6268317,349000,12
45.5169123,-73.6246905,595000,3
45.5169322,-73.6138866,1099000,5
45.5169468,-73.5692126,395000,2
45.516997,-73.6263232,675000,3
45.5170173,-73.643348,1295000,2
45.5170809,-73.5944046,2249000,3
45.5171216,-73.5713321,569000,2
45.5172567,-73.8859234,799000,4
45.5172719,-73.589016,999000,3
45.5173363,-73.5761946,699900,12
45.5174724,-73.6787427,259900,1
45.5174876,-73.5543518,1198000,3
45.5174876,-73.5543518,550000,4
45.5174876,-73.5543518,449000,2
45.5174876,-73.5543518,398000,1
45.5174922,-73.5717179,600000,3
45.5175481,-73.6112532,575000,2
45.5176327,-73.6551941,199400,1
45.5176327,-73.6551941,169000,4
45.5176629,-73.6299287,1249000,3
45.5176727,-73.5706911,1199000,2
45.5178047,-73.7278948,469000,3
45.5179919,-73.6452256,1099000,4
45.5180847,-73.652384,940000,3
45.518215,-73.6341989,2350000,6
45.5182353,-73.6526183,1198000,2
45.5182368,-73.6105981,459000,2
45.5182428,-73.6188918,729000,3
45.5183322,-73.5578043,549500,3
45.5183546,-73.6333534,1950000,4
45.518378,-73.7254701,949000,3
45.5184023,-73.686269,535000,4
45.5184487,-73.5880211,999000,3
45.5184668,-73.6125816,1459000,6
45.5184721,-73.5753862,1399000,3
45.518533,-73.6531223,1649000,4
45.5186152,-73.5741592,450000,2
45.5187012,-73.5542587,549900,3
45.5187012,-73.5542587,342000,1
45.5187012,-73.5542587,339000,1
45.5188901,-73.6470541,1650000,5
45.518998,-73.7131823,574900,2
45.5190143,-73.622834,999000,3
45.5190501,-73.6181228,829000,4
45.519161,-73.5666513,925000,2
45.5192654,-73.5674525,585000,4
45.5192854,-73.5662022,489000,1
45.5192938,-73.5571122,451360,1
45.5194331,-73.6548505,719000,3
45.5194331,-73.6349831,1415000,3
45.519452,-73.8820503,1800000,3
45.519475,-73.6761614,549000,3
45.5194842,-73.5674663,949000,3
45.5195628,-73.6760461,649000,2
45.5196102,-73.6757827,749000,3
45.5196102,-73.6757827,749000,3
45.5196102,-73.6757827,688000,2
45.5196102,-73.6757827,599000,3
45.5196102,-73.6757827,595000,4
45.5198047,-73.6817182,579000,4
45.519884,-73.5813237,1450000,4
45.5200037,-73.6718554,309000,3
45.5200839,-73.558366,1375000,2
45.5201047,-73.581804,605000,3
45.5201185,-73.581834,605000,3
45.5201885,-73.5852446,689000,2
45.5202666,-73.6892131,439000,2
45.5202955,-73.5540382,935000,2
45.5203155,-73.6303949,789000,3
45.5204653,-73.5953072,575000,2
45.5205671,-73.7277175,599900,4
45.5206066,-73.5914164,1249900,3
45.5207088,-73.5505548,698000,3
45.5207088,-73.5505548,525000,3
45.5207088,-73.5505548,520000,2
45.5207116,-73.5793392,519000,2
45.5208034,-73.5987631,395000,2
45.5208076,-73.5607736,398000,3
45.5208872,-73.5548501,645000,3
45.5209017,-73.5780321,950000,3
45.5209887,-73.6103468,735000,5
45.5211701,-73.6994347,659000,4
45.5212563,-73.5718133,699000,3
45.5213085,-73.7324516,549000,4
45.5214055,-73.5528827,562900,2
45.5214055,-73.5528827,492900,2
45.5214994,-73.698566,488000,2
45.5215864,-73.6737082,725000,2
45.5217388,-73.5830104,1495000,2
45.5218142,-73.588786,75000,11
45.5220343,-73.6068143,424000,3
45.5220569,-73.575867,1289000,2
45.5221145,-73.6692922,895000,3
45.5221145,-73.6692922,695000,3
45.5221145,-73.6692922,559000,3
45.5221931,-73.5569348,279900,1
45.5222623,-73.6144638,575000,2
45.5223315,-73.6706342,549500,2
45.5224822,-73.6252172,975000,11
45.5224907,-73.6155365,699000,2
45.5225196,-73.6155106,572000,2
45.5225462,-73.6966246,479900,4
45.5226766,-73.7367261,1349000,5
45.5227941,-73.7240628,459900,3
45.5229343,-73.6723712,419000,2
45.5229371,-73.586447,899900,3
45.5230416,-73.6923054,888888,2
45.5230624,-73.6162707,549000,2
45.523102,-73.7377896,1149000,6
45.5231924,-73.5610035,1500000,12
45.5233656,-73.5891153,469000,1
45.523427,-73.7003219,389000,2
45.5234279,-73.7050109,598000,3
45.5234279,-73.7050109,550000,2
45.5234279,-73.7050109,358000,2
45.5234279,-73.7050109,356000,2
45.5234502,-73.5802952,990000,1
45.5234605,-73.5977228,599000,2
45.5234693,-73.6277173,1150000,4
45.5235242,-73.7247841,444900,4
45.5236193,-73.5960204,695000,2
45.523706,-73.6852048,479000,3
45.5237141,-73.7379158,649000,4
45.5237288,-73.5957978,489000,2
45.523866,-73.5630893,998000,3
45.5241191,-73.5636456,948000,3
45.5241294,-73.5781362,1849000,3
45.5241527,-73.7396392,898000,4
45.5242067,-73.5540113,445000,4
45.5242525,-73.5779434,749000,3
45.5243107,-73.6951942,525000,2
45.5243887,-73.5804881,639000,2
45.5244019,-73.5805169,659000,2
45.5244824,-73.5824473,474800,2
45.5245075,-73.6993577,349000,2
45.5245641,-73.5744819,389000,2
45.5246273,-73.7170305,449000,2
45.524629,-73.7326361,695000,1
45.524759,-73.7191657,875000,3
45.5247632,-73.6077498,549000,3
45.5248146,-73.7014607,839000,4
45.5248153,-73.7192783,629000,5
45.5248523,-73.6079497,449000,1
45.524971,-73.5904198,499000,2
45.5250028,-73.6060823,1075000,3
45.5250028,-73.6060823,1050000,3
45.5250693,-73.5974938,419000,1
45.5251605,-73.564553,229000,1
45.5251919,-73.5600598,399900,2
45.5252099,-73.638741,2250000,4
45.5252431,-73.7260722,899000,3
45.5255188,-73.5583048,479900,4
45.5257339,-73.586771,849000,2
45.5257339,-73.586771,699000,5
45.5257492,-73.5905955,1598000,1
45.5260915,-73.6047987,799000,2
45.5262858,-73.6246734,439000,2
45.5262858,-73.6246734,335000,1
45.5262858,-73.573725,599000,3
45.5263672,-73.7353502,1799000,4
45.5263893,-73.7290692,669000,4
45.5264076,-73.5836608,669000,2
45.5264965,-73.5774326,569000,3
45.5265037,-73.5781343,799000,2
45.5265628,-73.69456,639000,3
45.5265645,-73.5612394,1295000,6
45.5265661,-73.6459015,1498000,1
45.5266168,-73.7143793,589000,4
45.5266181,-73.5877842,1799000,3
45.52662,-73.6527,115000,2
45.52662,-73.6527,85000,3
45.5267353,-73.5584841,395000,1
45.5270609,-73.6902598,350000,2
45.5271185,-73.7345744,3750000,6
45.5271756,-73.7139923,449000,3
45.5272628,-73.6900952,389900,2
45.5272628,-73.6900952,352900,4
45.5273652,-73.6916855,719000,1
45.5275273,-73.5798009,2500000,12
45.5275416,-73.5910011,425000,2
45.5277588,-73.6128019,1399000,4
45.5278344,-73.7014748,164000,2
45.5278347,-73.5633224,1199000,3
45.5279134,-73.6237151,797000,3
45.5280634,-73.5870508,739291,3
45.5280805,-73.7058401,899000,5
45.5281676,-73.586047,529000,3
45.52823,-73.6677653,650000,1
45.5282417,-73.6986843,399000,3
45.528255,-73.6987052,319000,3
45.5283562,-73.6680487,569000,3
45.5284469,-73.6738115,889000,3
45.5285435,-73.5470108,1400000,3
45.5289626,-73.5771173,1499000,3
45.5290717,-73.5519906,849000,2
45.5292571,-73.6795277,350000,2
45.5292571,-73.6795277,279000,1
45.5293455,-73.5661248,359000,1
45.5294293,-73.6845844,324000,2
45.5294382,-73.5622756,449000,2
45.5294387,-73.674515,425000,3
45.5295712,-73.5714624,575000,2
45.5295718,-73.5713105,779000,3
45.5295843,-73.5714909,699000,2
45.5296106,-73.571548,575000,2
45.5296238,-73.5715766,699000,2
45.5299146,-73.6218845,299900,2
45.5299687,-73.6221907,250000,1
45.5302195,-73.7188853,849000,4
45.5304206,-73.6087432,888000,4
45.5304908,-73.5895947,995000,2
45.5304908,-73.5895947,850000,2
45.5304908,-73.5895947,649000,3
45.5304908,-73.5895947,559000,2
45.5305101,-73.5518164,359000,2
45.5306487,-73.5692514,275000,12
45.5306815,-73.5626112,488000,5
45.5307227,-73.6855744,598000,5
45.5307494,-73.5809717,1050000,2
45.5309422,-73.5710231,437000,2
45.5309498,-73.5831171,1365000,2
45.5311687,-73.722112,228000,2
45.5311691,-73.5810285,494700,2
45.5314407,-73.6184568,817569,3
45.5314407,-73.6184568,634050,1
45.5315398,-73.6780773,309000,2
45.5315856,-73.5844651,449000,2
45.5316177,-73.6132178,775000,2
45.5317705,-73.6441717,598000,2
45.5319554,-73.6417976,499900,4
45.5320597,-73.5601531,938000,2
45.5320838,-73.6193862,1590000,3
45.5321229,-73.7255039,379900,2
45.5323426,-73.6806793,429900,3
45.5323426,-73.6806793,349800,3
45.5323426,-73.6806793,234900,1
45.5323426,-73.6806793,192800,1
45.5323852,-73.5720596,374500,3
45.532404,-73.5795297,849000,2
45.5324251,-73.6934169,815000,3
45.5326154,-73.5971944,374900,2
45.5326727,-73.6161168,1950000,3
45.5327841,-73.6108969,500000,3
45.5329293,-73.6672177,398000,3
45.5331632,-73.5688844,1199000,4
45.5333782,-73.6792193,327500,3
45.5334069,-73.5694369,880000,4
45.5334199,-73.5538547,655000,1
45.5334224,-73.6791772,325000,3
45.5334346,-73.5671597,187000,1
45.5334836,-73.6946161,739000,3
45.5334938,-73.5665258,477495,12
45.5335161,-73.6914415,700000,3
45.533569,-73.6062197,999000,1
45.5335739,-73.6765757,239500,2
45.5336759,-73.5823719,1890000,4
45.5336968,-73.6724773,249000,1
45.533718,-73.6091041,339000,1
45.5338331,-73.5835798,369000,1
45.5338917,-73.5705065,1099000,3
45.5340546,-73.723558,225000,1
45.5341727,-73.5829593,310000,3
45.5341737,-73.6235743,649000,2
45.5341737,-73.6235743,385000,1
45.534222,-73.5991039,279000,1
45.5342847,-73.5561038,329900,2
45.5345591,-73.5879021,1375000,4
45.5346206,-73.7121871,569000,4
45.5346538,-73.5899764,540000,2
45.5347189,-73.6205445,524900,2
45.5347514,-73.6904594,529000,4
45.5349547,-73.5719987,579000,3
45.5351179,-73.5578779,439000,11
45.5351279,-73.5579014,419000,3
45.5352363,-73.5959833,390000,2
45.535401,-73.6199675,795000,3
45.535401,-73.6199675,425000,1
45.5355002,-73.5804971,1200000,12
45.5355041,-73.6104794,632000,2
45.5355258,-73.6171797,549000,2
45.5358001,-73.5828739,715900,4
45.5359663,-73.5808232,399000,1
45.5359833,-73.6096023,668000,3
45.5361164,-73.5701649,309000,2
45.5361261,-73.5506281,675000,2
45.5361414,-73.6912675,640000,4
45.5361913,-73.6908641,725000,4
45.5363392,-73.6014285,749000,5
45.5363711,-73.7134561,595000,6
45.5364036,-73.6877599,659000,4
45.5364876,-73.7208989,792000,4
45.5365016,-73.6688193,239000,3
45.5366822,-73.5686669,879000,2
45.5367262,-73.5611852,1395000,2
45.53682,-73.6950991,649000,3
45.53682,-73.6950991,499000,5
45.5368537,-73.6086931,875000,4
45.5371475,-73.549678,375000,4
45.5371475,-73.549678,319000,1
45.5372831,-73.5720588,299000,1
45.5373204,-73.6784471,238000,2
45.5373289,-73.5777561,899000,2
45.5374925,-73.6114716,349000,2
45.5377907,-73.6174664,899000,3
45.5379285,-73.5850578,699888,3
45.5380381,-73.6092565,795000,2
45.5380592,-73.6061972,1099000,3
45.5380592,-73.6061972,429000,2
45.5380716,-73.6670914,1249000,1
45.5383063,-73.5530183,429000,3
45.5384116,-73.7006619,779000,3
45.5384493,-73.552922,269000,1
45.5384998,-73.6085653,500108,2
45.5385062,-73.6731291,275000,2
45.5386004,-73.6733431,244800,2
45.5386331,-73.5525541,230000,12
45.5386522,-73.7071633,639000,2
45.5387561,-73.6833778,879000,4
45.5388252,-73.7031137,699000,4
45.5388468,-73.6056395,449000,2
45.5390991,-73.570655,765000,1
45.5391332,-73.5775569,279000,3
45.5397315,-73.609662,629000,2
45.5397611,-73.6983049,1059900,3
45.539963,-73.6301338,999999,4
45.5400402,-73.6933152,1100000,6
45.5400529,-73.6161934,40000,3
45.5407402,-73.5434874,589000,1
45.5408402,-73.6056697,649999,4
45.5408457,-73.5444736,299000,1
45.5409843,-73.6735541,779000,2
45.5410168,-73.6021084,767000,3
45.5410863,-73.6067045,624800,4
45.5411774,-73.5511227,284000,1
45.5414155,-73.5396305,477495,2
45.5414155,-73.5396305,477495,1
45.5414155,-73.5396305,343715,1
45.5414746,-73.6949639,669900,4
45.5415526,-73.5895565,1250000,1
45.541593,-73.6953028,348888,3
45.5416653,-73.5860519,439900,3
45.5416763,-73.586076,474000,2
45.5418766,-73.6270425,1095000,1
45.541927,-73.6161053,569000,2
45.5419513,-73.6458083,609000,2
45.542009,-73.6136196,339000,2
45.5421127,-73.556483,525000,5
45.5421198,-73.6992172,1088800,6
45.5422324,-73.6467872,525000,3
45.542253,-73.573717,1749000,2
45.542253,-73.573717,849000,2
45.542253,-73.573717,424900,12
45.5423146,-73.6279042,450000,2
45.5424629,-73.5395872,439000,5
45.5427128,-73.5752994,508280,2
45.5427128,-73.5752994,395000,12
45.5427128,-73.5752994,382000,2
45.5427128,-73.5752994,354300,2
45.5427128,-73.5752994,281900,1
45.5427128,-73.5752994,277900,1
45.5427128,-73.5752994,256500,1
45.5427128,-73.5752994,255500,1
45.5428998,-73.6299384,352381,2
45.5429079,-73.6299665,259704,3
45.5429381,-73.5456319,389700,3
45.5431493,-73.6863813,825000,5
45.5432595,-73.5399406,649000,3
45.5432714,-73.5972419,479000,2
45.5432754,-73.5552444,870000,4
45.5432924,-73.5526904,649000,1
45.5432992,-73.6976821,1100000,1
45.5433932,-73.5452834,399000,3
45.5434232,-73.5398435,515000,3
45.5434789,-73.5615916,248800,1
45.5437545,-73.6284829,839900,3
45.5437545,-73.6284829,749000,3
45.5437545,-73.6284829,699000,4
45.5437545,-73.6284829,334000,2
45.5440265,-73.5492631,359000,3
45.544066,-73.5455994,969000,4
45.5443588,-73.7009865,749000,3
45.544391,-73.5953397,445000,3
45.5444418,-73.5377886,381999,2
45.5444418,-73.5377886,343299,4
45.5444418,-73.5377886,337999,2
45.5445423,-73.6218036,985000,1
45.5446485,-73.5965213,389000,2
45.5447308,-73.6749352,629000,3
45.5448041,-73.5704073,652315,3
45.5448041,-73.5704073,425000,2
45.5448791,-73.5933925,424000,2
45.5451127,-73.5828065,499000,3
45.5455196,-73.6740929,409000,3
45.5455352,-73.5765617,899000,2
45.5456521,-73.6763193,599700,3
45.5458177,-73.572065,679000,2
45.5459678,-73.5665587,729700,3
45.5462763,-73.5369179,309000,2
45.5463588,-73.5754034,759000,3
45.5465158,-73.5780896,699000,3
45.5467464,-73.5554171,780000,7
45.54696,-73.585698,638888,2
45.5470385,-73.6446203,750000,2
45.5470526,-73.5370958,799000,2
45.5471804,-73.5545896,325000,2
45.5472102,-73.5788676,737000,2
45.547298,-73.602803,279000,2
45.547347,-73.6833712,819000,4
45.5474475,-73.5978502,869000,1
45.5475059,-73.6850689,997000,7
45.5475083,-73.6828078,649800,2
45.547612,-73.5706649,679800,3
45.5477739,-73.5517869,269000,3
45.5477805,-73.539934,625000,2
45.5479223,-73.5397691,249000,2
45.5479697,-73.5399149,249000,3
45.5480188,-73.5874463,448900,2
45.5480693,-73.560272,349800,4
45.5480848,-73.5427386,890000,2
45.5482653,-73.6600657,949000,4
45.5482878,-73.5409024,599000,3
45.5484445,-73.5564903,775000,4
45.5487033,-73.5635144,426700,3
45.5493146,-73.5793334,890000,3
45.5494982,-73.5834759,1350000,3
45.5496079,-73.5995245,1349000,3
45.5497048,-73.5661633,349800,2
45.5498069,-73.648023,739000,4
45.5499561,-73.539668,599000,2
45.5500888,-73.540078,424000,2
45.550168,-73.5439817,319000,2
45.5509421,-73.6067573,569000,2
45.5510585,-73.6171412,719900,2
45.5511524,-73.5610182,437700,2
45.5512764,-73.6395743,429000,3
45.5512851,-73.5493581,259000,2
45.5513296,-73.6040607,499900,3
45.5513296,-73.6040607,499900,11
45.5513296,-73.6040607,419000,2
45.5513296,-73.6040607,399000,2
45.5514366,-73.5414595,465000,2
45.5514366,-73.5414595,380000,2
45.5514404,-73.5743584,719000,3
45.5516795,-73.5499759,239000,1
45.5517527,-73.5787266,799000,3
45.5518298,-73.6311345,368000,2
45.5519026,-73.5429256,249900,1
45.5519198,-73.5714061,349900,11
45.5522146,-73.5769499,499000,3
45.5522235,-73.5321118,299000,2
45.5523844,-73.5929263,759700,4
45.5524468,-73.5967288,879000,3
45.5524796,-73.5506711,929000,5
45.5525123,-73.6198152,775000,1
45.5525133,-73.5545849,564900,3
45.5525133,-73.5545849,442900,2
45.5525133,-73.5545849,442900,3
45.5525133,-73.5545849,430900,2
45.5525133,-73.5545849,417900,3
45.5525133,-73.5545849,411900,2
45.5525133,-73.5545849,396900,2
45.5527945,-73.6155801,719000,3
45.5529572,-73.6304139,379000,2
45.553326,-73.5554109,500000,3
45.5533862,-73.603123,434000,2
45.5533888,-73.5331376,799000,5
45.5538249,-73.5588018,825000,3
45.5538974,-73.5874993,549000,4
45.5539591,-73.5381278,670000,2
45.5540126,-73.613209,649000,2
45.5540934,-73.6317804,628000,3
45.5544732,-73.653572,967000,3
45.5544917,-73.6536369,367000,2
45.5545953,-73.6322747,799000,3
45.5545994,-73.5361151,227000,2
45.554622,-73.5788031,249000,4
45.5548548,-73.6189896,359000,1
45.5548932,-73.602664,659000,2
45.5548945,-73.5501785,649000,3
45.5550521,-73.604178,879000,5
45.5554933,-73.5740485,371900,2
45.5554933,-73.5740485,355900,4
45.5554933,-73.5740485,327900,2
45.5554933,-73.5740485,322900,2
45.5556276,-73.6728982,949000,4
45.5556483,-73.5716728,624800,2
45.5563295,-73.6509105,399000,2
45.5564748,-73.5379121,239000,1
45.557224,-73.5396003,725000,2
45.5572928,-73.537785,649000,2
45.5573758,-73.5913435,729000,2
45.557627,-73.5294693,295000,3
45.557691,-73.5340895,1249000,5
45.5580157,-73.5394002,369000,2
45.5580948,-73.5396426,369900,2
45.5581043,-73.6013388,995000,2
45.5582479,-73.5290865,639000,2
45.558311,-73.5350918,1250000,3
45.5584784,-73.5949207,499000,3
45.5585012,-73.5909503,759000,3
45.5585947,-73.6027836,729000,4
45.5591793,-73.5461806,349000,2
45.5591796,-73.5357338,345000,3
45.5597093,-73.5367453,489000,1
45.5597819,-73.5767745,599000,3
45.5598323,-73.591946,1499900,2
45.5599068,-73.5959819,525000,2
45.5606937,-73.5797322,449800,2
45.5607885,-73.5781797,566700,2
45.5608727,-73.5924014,599000,3
45.5609692,-73.5739576,999000,8
45.5616992,-73.6643864,985000,2
45.5617302,-73.6429855,724500,4
45.5621322,-73.6566491,499900,1
45.5626253,-73.6104549,775000,4
45.5628144,-73.5748825,550000,3
45.5628343,-73.5909423,675000,1
45.5634472,-73.5772521,865000,12
45.5637202,-73.6486627,788000,2
45.5638369,-73.6165982,479000,2
45.5640843,-73.6465483,595000,3
45.5663182,-73.5848104,969000,3
45.5665251,-73.6538872,625000,3
45.56662,-73.6605797,289500,3
45.5671534,-73.6157122,559000,3
45.5675886,-73.5848907,644000,2
45.5681638,-73.5230438,565000,4
45.5681934,-73.5792627,299000,2
45.5682068,-73.5793055,375000,2
45.5683878,-73.5845491,499900,2
45.5685032,-73.5826014,418000,4
45.5691639,-73.5847118,799000,4
45.5691814,-73.5939459,599000,3
45.5695261,-73.626006,699000,3
45.5696984,-73.5248776,685000,3
45.569776,-73.6512561,319900,2
45.5699114,-73.6601509,909000,4
45.5700388,-73.5548999,595000,3
45.5701956,-73.6324986,489000,3
45.5704475,-73.6392278,595000,2
45.5705166,-73.5549111,535000,5
45.5708684,-73.5516489,599000,2
45.5709339,-73.5313429,489900,3
45.5713578,-73.6027736,350000,3
45.5713578,-73.6027736,184000,1
45.5714254,-73.5596889,2249000,3
45.5714588,-73.652187,619000,4
45.5714651,-73.5343982,649000,3
45.5715302,-73.6247148,449000,2
45.5717307,-73.5711813,270000,2
45.5719091,-73.6533419,529000,12
45.5721378,-73.5585456,1199000,4
45.5721777,-73.534464,427900,2
45.5722465,-73.6425004,500000,4
45.5725962,-73.5388084,229000,1
45.5728572,-73.5859016,358000,3
45.5733097,-73.6357622,699000,3
45.5734772,-73.5527116,535000,3
45.5735132,-73.561472,1395000,5
45.5736789,-73.5353761,2088000,3
45.5737245,-73.5539439,289000,1
45.5740701,-73.5483823,319000,2
45.5743977,-73.544622,1277000,4
45.5747972,-73.5407763,529000,2
45.5752782,-73.6306121,489000,3
45.5753135,-73.6494317,649000,2
45.5755051,-73.649396,599000,4
45.5768029,-73.5462283,328000,2
45.5769041,-73.656335,1339000,12
45.5770728,-73.5528381,285000,2
45.5771777,-73.5501031,299000,2
45.5771789,-73.5923519,745000,5
45.5775757,-73.5693648,715000,3
45.5779458,-73.5665522,1125000,4
45.578864,-73.6387087,224900,1
45.578864,-73.6387087,219900,2
45.578864,-73.6387087,210900,2
45.579017,-73.6468337,599000,4
45.5793215,-73.652904,220000,2
45.5795809,-73.6124973,949000,1
45.5796249,-73.6433646,257000,2
45.5796375,-73.5780068,779000,3
45.5799706,-73.5421315,649900,4
45.5804944,-73.594533,875000,1
45.5815058,-73.6369881,519000,3
45.5817442,-73.6169599,850000,3
45.5822424,-73.6211158,479000,3
45.5823511,-73.6370742,319000,5
45.5824722,-73.5793577,749000,3
45.5828118,-73.5957828,649000,2
45.5828272,-73.6445514,550000,2
45.5831772,-73.5734695,669000,2
45.5833616,-73.6435063,229000,2
45.5833616,-73.6435063,204000,2
45.5834985,-73.6391038,689000,3
45.5840794,-73.5843982,515000,3
45.5841368,-73.5328938,589900,3
45.5841499,-73.5420278,445000,3
45.5841499,-73.5420278,435000,2
45.5842039,-73.6298953,205000,2
45.5843218,-73.5844793,189000,2
45.5845274,-73.6201611,568000,3
45.5853017,-73.6391687,419000,3
45.5855846,-73.5573537,799000,5
45.5856949,-73.6182661,579000,2
45.5858709,-73.5531403,639000,3
45.5859179,-73.5775456,699900,4
45.5862239,-73.6445912,345000,3
45.5864479,-73.5091782,318000,3
45.5864664,-73.5516569,664500,3
45.5866884,-73.5093243,465000,3
45.5871859,-73.561484,599900,3
45.5872543,-73.5114569,279000,2
45.5875798,-73.6437503,405886,2
45.5877921,-73.6414939,559000,2
45.5881537,-73.5146824,460000,1
45.5884291,-73.6317279,549000,1
45.5884291,-73.6317279,439000,1
45.5886433,-73.5879943,679000,3
45.5886605,-73.6480337,299000,3
45.5886605,-73.6480337,299000,3
45.5886605,-73.6480337,235000,2
45.5886605,-73.6480337,200000,1
45.5887207,-73.6059203,699000,12
45.5892494,-73.517722,576000,3
45.5897703,-73.5659563,879000,3
45.5899563,-73.6113576,1150000,3
45.5901017,-73.6087264,835000,3
45.5903926,-73.633955,670000,7
45.5904276,-73.5124643,280000,3
45.5907651,-73.5194234,690000,4
45.5910698,-73.5218591,499000,2
45.5911959,-73.6075724,1150000,2
45.5912166,-73.6460749,225000,1
45.5920852,-73.630267,214900,2
45.5920852,-73.630267,152000,4
45.5928937,-73.5578912,899000,2
45.5932172,-73.5246608,329888,3
45.5939897,-73.6091396,1289000,3
45.5942027,-73.5484996,719000,4
45.5944359,-73.636235,459000,3
45.5944834,-73.595873,729000,4
45.5945846,-73.6033852,939000,2
45.5950215,-73.5345955,419888,3
45.595347,-73.5927975,985000,4
45.595473,-73.5614264,357700,2
45.5954847,-73.5622084,499000,3
45.5958592,-73.6388846,579900,2
45.596089,-73.6299717,394000,3
45.5961342,-73.645409,819000,3
45.596253,-73.6448064,349000,3
45.5967375,-73.640366,209990,2
45.596971,-73.5901797,959000,3
45.5969971,-73.603407,999000,2
45.597324,-73.5138312,449900,1
45.5975266,-73.6430441,305000,3
45.5976936,-73.6081624,229900,2
45.5978376,-73.5902806,1050000,1
45.5979589,-73.5269517,224900,2
45.5979969,-73.5896136,679000,3
45.5980261,-73.5122532,729000,5
45.5983485,-73.5558809,259000,3
45.5985142,-73.6431942,459000,3
45.5986361,-73.605704,979000,2
45.5988542,-73.5248691,660000,1
45.5990204,-73.5478499,724900,3
45.5991512,-73.6405656,325000,4
45.5991882,-73.5107459,300000,1
45.5992301,-73.5107495,300000,1
45.6001227,-73.6057815,850000,4
45.6002563,-73.6265704,389000,3
45.6015173,-73.5255155,789000,2
45.6015279,-73.5486185,895000,3
45.6017191,-73.6328091,399900,3
45.6017776,-73.5347328,425000,1
45.6018343,-73.5500565,629000,4
45.6021687,-73.536069,485000,4
45.6022367,-73.5107029,344000,2
45.6022868,-73.5110682,399000,1
45.6024166,-73.5106928,419000,3
45.6025495,-73.6226279,499000,3
45.6026971,-73.5286856,639000,2
45.6027015,-73.5106767,516000,2
45.6028983,-73.6401581,549000,3
45.6030579,-73.533474,327065,2
45.6030816,-73.5801512,132000,1
45.6033362,-73.6316971,429000,2
45.6037126,-73.5794665,339500,5
45.6037126,-73.5794665,309000,3
45.604599,-73.5546603,689900,12
45.6048313,-73.5179892,389000,3
45.6052262,-73.6364443,274900,3
45.6056024,-73.5148528,224000,2
45.6057706,-73.5232002,459000,3
45.605844,-73.5123768,499000,3
45.6065333,-73.5832997,229000,2
45.6066078,-73.6252711,499000,3
45.6066115,-73.545778,549900,4
45.6066419,-73.6238005,475000,7
45.6067795,-73.5235204,429000,3
45.6068965,-73.5277294,579000,3
45.6069523,-73.6384235,720000,2
45.6070767,-73.5466703,624900,3
45.607091,-73.5212495,489000,3
45.6071364,-73.6316504,329000,2
45.6075863,-73.5115992,234900,2
45.6076785,-73.6398322,330000,12
45.6083,-73.5904185,549000,3
45.6086173,-73.5440794,289000,4
45.6087399,-73.5161537,339000,3
45.6088621,-73.5126501,419700,2
45.6093721,-73.5112257,262000,5
45.6093864,-73.5112204,224900,2
45.6094888,-73.5224234,310000,2
45.6095566,-73.5196301,309000,2
45.6098611,-73.5276504,549900,3
45.6100133,-73.5114529,309000,3
45.6104247,-73.6135194,489000,2
45.6104663,-73.5135487,485000,3
45.6105827,-73.5131583,639000,12
45.6105956,-73.633232,652888,3
45.6105956,-73.633232,639000,2
45.6106104,-73.5256755,550000,2
45.6106657,-73.6219927,589000,3
45.6109881,-73.5293335,259900,2
45.6113256,-73.6341903,524000,3
45.611369,-73.6278744,349000,3
45.611376,-73.5371616,534500,3
45.6113907,-73.518838,269500,2
45.6114001,-73.5188916,279500,3
45.611517,-73.6102503,299900,3
45.6118163,-73.6282198,399000,4
45.6118206,-73.5223958,390000,2
45.6119287,-73.5318111,249900,2
45.6120369,-73.6248805,429000,4
45.6120409,-73.615088,409000,2
45.6123182,-73.5103905,339900,3
45.6125036,-73.5377347,499000,3
45.6127175,-73.5385313,589000,3
45.6127692,-73.5526924,559000,2
45.6128444,-73.6350999,237700,2
45.6138184,-73.6362417,1289000,5
45.6142277,-73.6124576,525000,2
45.6152605,-73.5449325,484500,3
45.61713,-73.6151502,229000,2
45.61713,-73.6151502,224900,2
45.61713,-73.6151502,188000,2
45.6179161,-73.6136533,279000,3
45.6179161,-73.6136533,180000,1
45.6242839,-73.5947067,729000,3
45.6255387,-73.5886903,419000,3
45.6255645,-73.5982684,265000,2
45.6265091,-73.5015505,429000,2
45.6266678,-73.5961463,319000,3
45.6279898,-73.5965518,625000,4
45.6282027,-73.6208386,259000,2
45.6286089,-73.6018835,349000,4
45.6287838,-73.6009288,534000,3
45.6288448,-73.6196802,277000,2
45.6288448,-73.6196802,274900,12
45.6288448,-73.6196802,270000,3
45.6288448,-73.6196802,268000,1
45.6289688,-73.6198613,424900,12
45.6289688,-73.6198613,264900,3
45.6289688,-73.6198613,259900,3
45.6289688,-73.6198613,249700,2
45.6289688,-73.6198613,239900,2
45.6290606,-73.6193647,209000,5
45.6298703,-73.6146677,169000,2
45.6301955,-73.6067509,475000,4
45.6303893,-73.5994859,319000,3
45.6304939,-73.5907619,299000,2
45.6307897,-73.5861135,419000,4
45.6307999,-73.5028447,389000,3
45.6308397,-73.5001926,975000,3
45.6308462,-73.6029752,209000,3
45.6312374,-73.5065241,549000,12
45.6313459,-73.6068465,499000,4
45.6326522,-73.6019581,249000,2
45.6327347,-73.6031805,229900,2
45.6329086,-73.6025577,178000,2
45.6330112,-73.6070511,289900,2
45.635593,-73.6018459,849000,4
45.6358924,-73.5985965,329000,3
45.6359383,-73.5987187,158000,1
45.6362366,-73.597925,314900,3
45.6368693,-73.5779569,459500,3
45.6396456,-73.6027861,789000,7
45.6402117,-73.6019099,479900,3
45.6402295,-73.6018785,469900,3
45.6407676,-73.5851578,789000,5
45.6407844,-73.5797889,789000,4
45.6415815,-73.5004515,389000,2
45.6415815,-73.5004515,275000,3
45.6416017,-73.5127567,450000,4
45.641786,-73.5128218,249000,4
45.641786,-73.5128218,239900,2
45.641786,-73.5128218,237500,2
45.641786,-73.5128218,229000,2
45.641786,-73.5128218,210000,3
45.641786,-73.5128218,209900,2
45.641786,-73.5128218,205000,2
45.641786,-73.5128218,184999,2
45.641786,-73.5128218,169000,1
45.6418243,-73.5095472,369000,4
45.6421565,-73.5115841,529000,12
45.6423144,-73.5731231,250000,3
45.6423666,-73.5731793,280000,5
45.642499,-73.5735492,469900,3
45.6450657,-73.5089176,349000,4
45.6456188,-73.594167,489000,2
45.6456188,-73.594167,395000,1
45.6456188,-73.594167,349750,3
45.6456243,-73.5887048,349000,3
45.6466619,-73.5717735,529000,4
45.6466711,-73.5934957,679000,2
45.6466711,-73.5934957,348800,2
45.6473006,-73.5911847,999000,3
45.6474759,-73.5695303,199990,2
45.6475248,-73.5292475,449000,2
45.6475248,-73.5292475,379000,2
45.6486474,-73.567305,198000,3
45.648815,-73.5700575,549000,4
45.6496016,-73.4907513,179000,1
45.6498494,-73.5714694,489000,4
45.6499483,-73.5033582,229000,4
45.6502171,-73.5874557,419000,8
45.650458,-73.4918303,589000,2
45.6512531,-73.5857592,798000,6
45.6512856,-73.4947774,163900,2
45.6513568,-73.5086224,239000,2
45.652241,-73.5062367,169900,2
45.6522565,-73.5084151,174900,2
45.6528866,-73.5014419,177500,2
45.6529712,-73.5021448,169900,2
45.6529712,-73.5021448,169000,12
45.6532947,-73.5740712,218000,2
45.6544088,-73.5606747,395000,4
45.6558709,-73.5692264,599500,4
45.6562152,-73.5525631,749000,4
45.6562362,-73.5728417,449900,5
45.6575659,-73.5702947,299000,6
45.6576276,-73.5030321,399000,3
45.6579694,-73.5607485,215000,12
45.6579694,-73.5607485,192000,2
45.6579694,-73.5607485,189900,2
45.6586914,-73.5530129,295000,4
45.6587709,-73.5679079,180000,5
45.6587889,-73.556272,409000,12
45.6591889,-73.5687265,605000,3
45.6595703,-73.5109504,279900,2
45.6597475,-73.5426609,349900,4
45.6601381,-73.5456292,468000,4
45.66017,-73.5556005,369900,2
45.6601912,-73.5129037,419000,6
45.6603356,-73.5177936,529000,3
45.6603356,-73.5177936,425000,4
45.6607577,-73.512511,479900,5
45.6609407,-73.5593943,525000,2
45.6615781,-73.5652354,229500,2
45.6623471,-73.4954787,284900,3
45.6634919,-73.5020074,259800,3
45.6635276,-73.5499133,319000,3
45.6638077,-73.5551912,724888,4
45.6643074,-73.5459402,349000,2
45.6643294,-73.5157833,589000,1
45.6646178,-73.5007609,419000,4
45.6646479,-73.5579547,798800,5
45.6649139,-73.559209,769000,5
45.6649999,-73.5151203,424900,4
45.6650794,-73.4964585,588000,5
45.6659432,-73.5005887,334500,4
45.6680503,-73.5490387,184900,1
45.66815,-73.5514419,279000,12
45.6696002,-73.552464,369000,4
45.6703049,-73.5382347,574900,3
45.670703,-73.5368415,569900,3
45.670703,-73.5368415,419000,3
45.6725036,-73.5335471,469900,4
45.6725036,-73.5335471,394022,3
45.6729947,-73.5389656,948000,3
45.6731293,-73.5389585,949000,3
45.677048,-73.5019326,239900,2
45.6794326,-73.5020024,249000,3
45.684661,-73.5036681,487700,4
45.6901989,-73.4870248,145000,1
45.6901989,-73.4870248,124900,1
45.6919107,-73.4905322,359500,6
45.6937282,-73.4944258,189000,1
45.6937282,-73.4944258,139000,2
45.6970253,-73.4884965,189500,2
45.6970253,-73.4884965,169700,2
45.6974603,-73.487409,449000,4
45.6992301,-73.487019,591500,2
45.6995996,-73.4839538,1030000,2
45.6995996,-73.4839538,625000,3
45.6995996,-73.4839538,539000,4
45.6995996,-73.4839538,495000,4
45.6995996,-73.4839538,399900,3
45.6995996,-73.4839538,389900,3
45.6995996,-73.4839538,389000,2
45.6995996,-73.4839538,384900,3
45.6995996,-73.4839538,384900,3
45.6995996,-73.4839538,379900,3
45.6995996,-73.4839538,325000,5
45.6995996,-73.4839538,324900,3
45.6995996,-73.4839538,299900,2
45.6995996,-73.4839538,294900,2
45.6995996,-73.4839538,284900,2
45.6995996,-73.4839538,138000,1
45.6999492,-73.4836574,639000,4
45.6999492,-73.4836574,589000,3
